Pclass,Age,SibSp,Parch,Fare,Sex_male,Embarked_Q,Embarked_S,Survived
-0.28934006477966684,0.24100361589764324,0.5213347066684055,1.8935653223596192,-0.09238955682779518,-1.317412966034919,-0.18074256993863339,0.5060342282658362,1.0
-0.28934006477966684,0.8755986792254559,0.5213347066684055,-0.48226415597031097,-0.12995880549725874,-1.317412966034919,-0.18074256993863339,0.5060342282658362,1.0
-0.28934006477966684,-0.32308088483819014,-0.5495658279681386,-0.48226415597031097,-0.40904465275613094,0.7590634264134715,-0.18074256993863339,0.5060342282658362,0.0
-1.4910517206893772,0.7345775540414975,-0.5495658279681386,-0.48226415597031097,-0.09301642657702278,0.7590634264134715,-0.18074256993863339,-1.976150908658826,0.0
-1.4910517206893772,-0.7461442603900652,0.5213347066684055,-0.48226415597031097,1.2671707076511716,-1.317412966034919,-0.18074256993863339,-1.976150908658826,1.0
-0.28934006477966684,0.8755986792254559,-0.5495658279681386,-0.48226415597031097,-0.40904465275613094,-1.317412966034919,-0.18074256993863339,0.5060342282658362,1.0
-0.28934006477966684,0.029471928121705727,0.5213347066684055,-0.48226415597031097,-0.1728950896909314,0.7590634264134715,-0.18074256993863339,-1.976150908658826,0.0
-1.4910517206893772,-0.32308088483819014,0.5213347066684055,-0.48226415597031097,0.5020997936751672,0.7590634264134715,-0.18074256993863339,-1.976150908658826,1.0
-1.4910517206893772,0.6640669914495183,0.5213347066684055,0.705650583194654,1.0971237009163408,-1.317412966034919,-0.18074256993863339,-1.976150908658826,1.0
-1.4910517206893772,-0.39359144743016933,-0.5495658279681386,-0.48226415597031097,1.0121463540544338,0.7590634264134715,-0.18074256993863339,-1.976150908658826,0.0
0.9123715911300435,-0.6051231352061068,-0.5495658279681386,-0.48226415597031097,-0.5238992129742053,-1.317412966034919,-0.18074256993863339,0.5060342282658362,1.0
0.9123715911300435,-0.25257032224621095,1.5922352413049496,-0.48226415597031097,-0.5021627191011585,0.7590634264134715,-0.18074256993863339,0.5060342282658362,0.0
0.9123715911300435,-0.8871653855740236,-0.5495658279681386,-0.48226415597031097,-0.5021627191011585,0.7590634264134715,-0.18074256993863339,0.5060342282658362,0.0
-0.28934006477966684,-1.6627815740857945,-0.5495658279681386,0.705650583194654,0.02031818918059552,-1.317412966034919,-0.18074256993863339,0.5060342282658362,1.0
-0.28934006477966684,1.5807043051452476,-0.5495658279681386,-0.48226415597031097,-0.3983105817077128,0.7590634264134715,-0.18074256993863339,0.5060342282658362,0.0
-0.28934006477966684,-0.32308088483819014,-0.5495658279681386,-0.48226415597031097,-0.40904465275613094,0.7590634264134715,-0.18074256993863339,0.5060342282658362,0.0
-0.28934006477966684,-0.25257032224621095,0.5213347066684055,0.705650583194654,-0.12995880549725874,-1.317412966034919,-0.18074256993863339,0.5060342282658362,0.0
-0.28934006477966684,0.8755986792254559,-0.5495658279681386,-0.48226415597031097,-0.40904465275613094,0.7590634264134715,-0.18074256993863339,0.5060342282658362,1.0
-1.4910517206893772,0.0999824907136849,-0.5495658279681386,1.8935653223596192,2.8512512426214824,-1.317412966034919,-0.18074256993863339,0.5060342282658362,1.0
-0.28934006477966684,0.31151417848962243,-0.5495658279681386,-0.48226415597031097,-0.40904465275613094,0.7590634264134715,-0.18074256993863339,0.5060342282658362,1.0
-0.28934006477966684,0.45253530367358075,-0.5495658279681386,-0.48226415597031097,-0.46271500799822174,0.7590634264134715,-0.18074256993863339,0.5060342282658362,0.0
-0.28934006477966684,-0.11154919706225262,-0.5495658279681386,-0.48226415597031097,-0.40904465275613094,-1.317412966034919,-0.18074256993863339,0.5060342282658362,1.0
0.9123715911300435,-0.04103863447027345,-0.5495658279681386,4.2693948006895495,-0.23568940532417765,-1.317412966034919,-0.18074256993863339,0.5060342282658362,0.0
-1.4910517206893772,1.36917261736931,0.5213347066684055,0.705650583194654,1.692327940551128,0.7590634264134715,-0.18074256993863339,-1.976150908658826,0.0
0.9123715911300435,-0.04103863447027345,-0.5495658279681386,-0.48226415597031097,-0.4841831500950581,0.7590634264134715,-0.18074256993863339,0.5060342282658362,1.0
0.9123715911300435,-1.9448238244537113,2.6631357759414938,1.8935653223596192,-0.08916933551326976,-1.317412966034919,-0.18074256993863339,0.5060342282658362,0.0
-1.4910517206893772,-0.32308088483819014,0.5213347066684055,1.8935653223596192,2.565366434760542,-1.317412966034919,-0.18074256993863339,0.5060342282658362,0.0
0.9123715911300435,-0.8166548229820444,1.5922352413049496,-0.48226415597031097,-0.3017039422719493,-1.317412966034919,-0.18074256993863339,0.5060342282658362,0.0
-1.4910517206893772,1.2281514921853518,-0.5495658279681386,-0.48226415597031097,-0.13881441411220374,0.7590634264134715,-0.18074256993863339,0.5060342282658362,0.0
0.9123715911300435,-0.6403784165020965,-0.5495658279681386,-0.48226415597031097,-0.5324864698129398,0.7590634264134715,-0.18074256993863339,0.5060342282658362,0.0
-0.28934006477966684,-0.5346125726141276,0.5213347066684055,0.705650583194654,-0.06555437920674977,-1.317412966034919,-0.18074256993863339,0.5060342282658362,1.0
-0.28934006477966684,-0.39359144743016933,0.5213347066684055,1.8935653223596192,0.7072987362793578,-1.317412966034919,-0.18074256993863339,0.5060342282658362,1.0
-1.4910517206893772,0.6640669914495183,0.5213347066684055,-0.48226415597031097,0.5119386431981473,-1.317412966034919,-0.18074256993863339,0.5060342282658362,1.0
-1.4910517206893772,0.7345775540414975,-0.5495658279681386,-0.48226415597031097,-0.6881305000150031,0.7590634264134715,-0.18074256993863339,0.5060342282658362,0.0
0.9123715911300435,-0.7461442603900652,-0.5495658279681386,-0.48226415597031097,-0.46978232037650025,0.7590634264134715,-0.18074256993863339,0.5060342282658362,0.0
0.9123715911300435,-0.32308088483819014,-0.5495658279681386,-0.48226415597031097,-0.5219305843439254,0.7590634264134715,5.532730890899277,-1.976150908658826,0.0
-1.4910517206893772,1.2281514921853518,-0.5495658279681386,-0.48226415597031097,0.13839297071319528,0.7590634264134715,-0.18074256993863339,0.5060342282658362,0.0
0.9123715911300435,-0.39359144743016933,-0.5495658279681386,3.081480061524584,-0.2746905790715002,-1.317412966034919,-0.18074256993863339,-1.976150908658826,1.0
0.9123715911300435,0.17049305330566408,-0.5495658279681386,-0.48226415597031097,-0.5153119561354708,0.7590634264134715,-0.18074256993863339,0.5060342282658362,1.0
0.9123715911300435,0.6640669914495183,-0.5495658279681386,-0.48226415597031097,-0.16967486837640597,0.7590634264134715,-0.18074256993863339,0.5060342282658362,0.0
0.9123715911300435,-0.9576759481660028,-0.5495658279681386,-0.48226415597031097,-0.5153119561354708,0.7590634264134715,-0.18074256993863339,0.5060342282658362,1.0
0.9123715911300435,-1.098697073349961,3.7340363105780376,0.705650583194654,0.16388638945318842,0.7590634264134715,-0.18074256993863339,0.5060342282658362,0.0
0.9123715911300435,-0.25257032224621095,0.5213347066684055,-0.48226415597031097,-0.3424934122559383,-1.317412966034919,-0.18074256993863339,0.5060342282658362,0.0
-0.28934006477966684,0.9461092418174349,0.5213347066684055,0.705650583194654,-0.12459176997304966,0.7590634264134715,-0.18074256993863339,0.5060342282658362,0.0
0.9123715911300435,1.5101937425532683,-0.5495658279681386,-0.48226415597031097,-0.5217523987645216,0.7590634264134715,-0.18074256993863339,0.5060342282658362,0.0
0.9123715911300435,0.17049305330566408,-0.5495658279681386,-0.48226415597031097,0.5247293622594424,0.7590634264134715,-0.18074256993863339,0.5060342282658362,1.0
0.9123715911300435,0.17049305330566408,0.5213347066684055,-0.48226415597031097,-0.3478604477801474,0.7590634264134715,-0.18074256993863339,0.5060342282658362,0.0
0.9123715911300435,-0.5346125726141276,-0.5495658279681386,-0.48226415597031097,-0.5324864698129398,-1.317412966034919,-0.18074256993863339,0.5060342282658362,1.0
0.9123715911300435,-0.32308088483819014,-0.5495658279681386,-0.48226415597031097,-0.5324864698129398,0.7590634264134715,-0.18074256993863339,0.5060342282658362,0.0
0.9123715911300435,0.17049305330566408,-0.5495658279681386,-0.48226415597031097,-0.5179954738975753,0.7590634264134715,-0.18074256993863339,0.5060342282658362,1.0
-0.28934006477966684,0.45253530367358075,0.5213347066684055,1.8935653223596192,-0.09238955682779518,0.7590634264134715,-0.18074256993863339,0.5060342282658362,0.0
0.9123715911300435,0.3820247410816016,-0.5495658279681386,-0.48226415597031097,-0.536780098232307,0.7590634264134715,-0.18074256993863339,0.5060342282658362,0.0
-0.28934006477966684,-0.8871653855740236,-0.5495658279681386,-0.48226415597031097,-0.43051279485296723,-1.317412966034919,-0.18074256993863339,-1.976150908658826,1.0
-1.4910517206893772,-0.5346125726141276,-0.5495658279681386,1.8935653223596192,0.37454253377839486,-1.317412966034919,-0.18074256993863339,-1.976150908658826,1.0
-0.28934006477966684,-0.04103863447027345,0.5213347066684055,-0.48226415597031097,-0.12995880549725874,-1.317412966034919,-0.18074256993863339,0.5060342282658362,1.0
-0.28934006477966684,-0.8166548229820444,-0.5495658279681386,-0.48226415597031097,-0.4412468659013854,0.7590634264134715,-0.18074256993863339,0.5060342282658362,0.0
0.9123715911300435,-2.056230513349038,-0.5495658279681386,0.705650583194654,-0.5052927742188772,0.7590634264134715,-0.18074256993863339,-1.976150908658826,1.0
0.9123715911300435,0.06472720941769532,-0.5495658279681386,-0.48226415597031097,-0.5153119561354708,0.7590634264134715,-0.18074256993863339,0.5060342282658362,0.0
-1.4910517206893772,-1.3102287611258987,0.5213347066684055,1.8935653223596192,1.8880465516053555,0.7590634264134715,-0.18074256993863339,0.5060342282658362,1.0
0.9123715911300435,-0.675633697798086,-0.5495658279681386,-0.48226415597031097,-0.4841831500950581,0.7590634264134715,-0.18074256993863339,0.5060342282658362,0.0
-1.4910517206893772,-0.39359144743016933,-0.5495658279681386,0.705650583194654,4.6256812063076005,0.7590634264134715,-0.18074256993863339,-1.976150908658826,0.0
0.9123715911300435,-0.1820597596542318,-0.5495658279681386,1.8935653223596192,-0.4491192336082953,-1.317412966034919,-0.18074256993863339,0.5060342282658362,1.0
0.9123715911300435,-0.6051231352061068,-0.5495658279681386,-0.48226415597031097,-0.5179954738975753,0.7590634264134715,-0.18074256993863339,0.5060342282658362,0.0
-0.28934006477966684,-0.32308088483819014,0.5213347066684055,-0.48226415597031097,-0.12995880549725874,0.7590634264134715,-0.18074256993863339,0.5060342282658362,0.0
0.9123715911300435,-0.6051231352061068,-0.5495658279681386,-0.48226415597031097,-0.5217523987645216,-1.317412966034919,5.532730890899277,-1.976150908658826,0.0
0.9123715911300435,-0.35833616613417973,-0.5495658279681386,-0.48226415597031097,-0.5153119561354708,0.7590634264134715,-0.18074256993863339,0.5060342282658362,0.0
0.9123715911300435,0.9461092418174349,-0.5495658279681386,-0.48226415597031097,-0.5496609834904088,0.7590634264134715,-0.18074256993863339,0.5060342282658362,0.0
0.9123715911300435,-0.5346125726141276,-0.5495658279681386,-0.48226415597031097,-0.5266728969331165,0.7590634264134715,-0.18074256993863339,0.5060342282658362,0.0
-1.4910517206893772,0.45253530367358075,-0.5495658279681386,-0.48226415597031097,2.2236644574478266,-1.317412966034919,-0.18074256993863339,-1.976150908658826,1.0
0.9123715911300435,-0.8166548229820444,0.5213347066684055,0.705650583194654,-0.5195154183580313,0.7590634264134715,-0.18074256993863339,0.5060342282658362,0.0
0.9123715911300435,-0.6051231352061068,-0.5495658279681386,-0.48226415597031097,-0.5153119561354708,0.7590634264134715,-0.18074256993863339,0.5060342282658362,0.0
-0.28934006477966684,-1.7332921366777736,0.5213347066684055,1.8935653223596192,-0.09238955682779518,-1.317412966034919,-0.18074256993863339,0.5060342282658362,1.0
0.9123715911300435,-0.07629391576626303,-0.5495658279681386,-0.48226415597031097,-0.532933007168554,0.7590634264134715,-0.18074256993863339,-1.976150908658826,0.0
-1.4910517206893772,2.920404994392852,-0.5495658279681386,-0.48226415597031097,0.05583078983718223,0.7590634264134715,-0.18074256993863339,-1.976150908658826,0.0
0.9123715911300435,-0.39359144743016933,-0.5495658279681386,-0.48226415597031097,-0.536780098232307,0.7590634264134715,-0.18074256993863339,0.5060342282658362,0.0
0.9123715911300435,0.17049305330566408,-0.5495658279681386,-0.48226415597031097,-0.5195154183580313,0.7590634264134715,-0.18074256993863339,0.5060342282658362,1.0
-1.4910517206893772,-0.04103863447027345,-0.5495658279681386,-0.48226415597031097,-0.04408623710991345,0.7590634264134715,-0.18074256993863339,0.5060342282658362,0.0
-1.4910517206893772,-0.4641020100221485,2.6631357759414938,1.8935653223596192,4.9579908714529495,-1.317412966034919,-0.18074256993863339,0.5060342282658362,1.0
0.9123715911300435,-0.675633697798086,-0.5495658279681386,-0.48226415597031097,-0.5153119561354708,0.7590634264134715,-0.18074256993863339,0.5060342282658362,0.0
-1.4910517206893772,-0.8166548229820444,0.5213347066684055,-0.48226415597031097,4.196408530567681,-1.317412966034919,-0.18074256993863339,-1.976150908658826,1.0
0.9123715911300435,-0.32308088483819014,0.5213347066684055,-0.48226415597031097,-0.5179954738975753,-1.317412966034919,-0.18074256993863339,0.5060342282658362,0.0
0.9123715911300435,1.5101937425532683,-0.5495658279681386,-0.48226415597031097,-0.5153119561354708,0.7590634264134715,-0.18074256993863339,0.5060342282658362,0.0
-1.4910517206893772,0.029471928121705727,-0.5495658279681386,-0.48226415597031097,-0.09238955682779518,0.7590634264134715,-0.18074256993863339,-1.976150908658826,0.0
0.9123715911300435,-1.3807393237178778,2.6631357759414938,1.8935653223596192,-0.08916933551326976,0.7590634264134715,-0.18074256993863339,0.5060342282658362,0.0
0.9123715911300435,0.029471928121705727,-0.5495658279681386,-0.48226415597031097,-0.5021627191011585,-1.317412966034919,-0.18074256993863339,0.5060342282658362,0.0
-1.4910517206893772,0.6640669914495183,0.5213347066684055,0.705650583194654,1.02180701799801,-1.317412966034919,-0.18074256993863339,0.5060342282658362,1.0
-1.4910517206893772,0.0999824907136849,0.5213347066684055,-0.48226415597031097,0.42821288902048565,0.7590634264134715,-0.18074256993863339,0.5060342282658362,0.0
-0.28934006477966684,-0.1820597596542318,-0.5495658279681386,-0.48226415597031097,-0.40904465275613094,0.7590634264134715,-0.18074256993863339,0.5060342282658362,0.0
-1.4910517206893772,-0.6051231352061068,-0.5495658279681386,-0.48226415597031097,0.9854893620127918,-1.317412966034919,-0.18074256993863339,0.5060342282658362,1.0
0.9123715911300435,-0.8166548229820444,-0.5495658279681386,-0.48226415597031097,-0.543220540861358,-1.317412966034919,5.532730890899277,-1.976150908658826,0.0
0.9123715911300435,0.5935564288575391,-0.5495658279681386,-0.48226415597031097,-0.5186223436468028,0.7590634264134715,-0.18074256993863339,0.5060342282658362,0.0
-0.28934006477966684,0.8050881166334767,-0.5495658279681386,0.705650583194654,-0.26950172912669484,-1.317412966034919,-0.18074256993863339,0.5060342282658362,1.0
-1.4910517206893772,2.21529936847306,-0.5495658279681386,-0.48226415597031097,0.005737027068424256,0.7590634264134715,-0.18074256993863339,0.5060342282658362,0.0
0.9123715911300435,0.5935564288575391,-0.5495658279681386,-0.48226415597031097,-0.536780098232307,0.7590634264134715,-0.18074256993863339,0.5060342282658362,0.0
-0.28934006477966684,-0.4641020100221485,-0.5495658279681386,-0.48226415597031097,-0.46271500799822174,0.7590634264134715,-0.18074256993863339,0.5060342282658362,0.0
-0.28934006477966684,-0.5346125726141276,0.5213347066684055,1.8935653223596192,0.2044976738577737,-1.317412966034919,-0.18074256993863339,-1.976150908658826,1.0
0.9123715911300435,0.24100361589764324,-0.5495658279681386,-0.48226415597031097,-0.5023409046805623,0.7590634264134715,-0.18074256993863339,0.5060342282658362,0.0
-1.4910517206893772,-0.7461442603900652,2.6631357759414938,1.8935653223596192,4.9579908714529495,0.7590634264134715,-0.18074256993863339,0.5060342282658362,0.0
0.9123715911300435,-1.9448238244537113,3.7340363105780376,0.705650583194654,-0.06287086144464522,0.7590634264134715,5.532730890899277,-1.976150908658826,0.0
0.9123715911300435,0.5230458662655599,-0.5495658279681386,-0.48226415597031097,-0.4823046876615849,-1.317412966034919,-0.18074256993863339,0.5060342282658362,0.0
0.9123715911300435,-0.4641020100221485,-0.5495658279681386,-0.48226415597031097,-0.490086889171688,0.7590634264134715,-0.18074256993863339,0.5060342282658362,0.0
0.9123715911300435,1.0166198044094141,-0.5495658279681386,-0.48226415597031097,-0.5153119561354708,0.7590634264134715,-0.18074256993863339,0.5060342282658362,0.0
0.9123715911300435,-1.5217604489018361,3.7340363105780376,0.705650583194654,-0.06287086144464522,0.7590634264134715,5.532730890899277,-1.976150908658826,0.0
-0.28934006477966684,0.5935564288575391,-0.5495658279681386,-0.48226415597031097,-0.40904465275613094,-1.317412966034919,-0.18074256993863339,0.5060342282658362,0.0
0.9123715911300435,-0.6051231352061068,-0.5495658279681386,-0.48226415597031097,-0.5212156952121008,0.7590634264134715,-0.18074256993863339,0.5060342282658362,0.0
0.9123715911300435,-1.4512498863098569,4.8049368452145815,1.8935653223596192,0.31872536432662035,0.7590634264134715,-0.18074256993863339,0.5060342282658362,0.0
0.9123715911300435,-0.25257032224621095,0.5213347066684055,-0.48226415597031097,-0.5195154183580313,0.7590634264134715,-0.18074256993863339,0.5060342282658362,0.0
0.9123715911300435,-2.0153343870456903,0.5213347066684055,0.705650583194654,-0.4491192336082953,-1.317412966034919,-0.18074256993863339,0.5060342282658362,1.0
-1.4910517206893772,0.7345775540414975,-0.5495658279681386,-0.48226415597031097,2.606424256520741,-1.317412966034919,-0.18074256993863339,0.5060342282658362,1.0
-0.28934006477966684,0.029471928121705727,-0.5495658279681386,-0.48226415597031097,-0.40904465275613094,0.7590634264134715,-0.18074256993863339,0.5060342282658362,0.0
-0.28934006477966684,-1.874313261861732,0.5213347066684055,1.8935653223596192,0.2044976738577737,-1.317412966034919,-0.18074256993863339,-1.976150908658826,1.0
-0.28934006477966684,-1.803802699269753,1.5922352413049496,0.705650583194654,0.14912704176161345,-1.317412966034919,-0.18074256993863339,0.5060342282658362,1.0
-0.28934006477966684,0.0999824907136849,0.5213347066684055,0.705650583194654,-0.12459176997304966,-1.317412966034919,-0.18074256993863339,0.5060342282658362,1.0
-0.28934006477966684,1.0871303670013934,0.5213347066684055,0.705650583194654,-0.12459176997304966,-1.317412966034919,-0.18074256993863339,0.5060342282658362,1.0
0.9123715911300435,-1.803802699269753,0.5213347066684055,0.705650583194654,-0.32961252699783655,-1.317412966034919,-0.18074256993863339,0.5060342282658362,1.0
0.9123715911300435,-0.11154919706225262,-0.5495658279681386,-0.48226415597031097,-0.5186223436468028,0.7590634264134715,-0.18074256993863339,0.5060342282658362,0.0
0.9123715911300435,0.5935564288575391,0.5213347066684055,5.457309539854515,-0.014299189950553065,-1.317412966034919,-0.18074256993863339,0.5060342282658362,1.0
0.9123715911300435,1.0871303670013934,-0.5495658279681386,-0.48226415597031097,-0.5217523987645216,-1.317412966034919,-0.18074256993863339,0.5060342282658362,0.0
-1.4910517206893772,1.8627465555131644,-0.5495658279681386,-0.48226415597031097,0.07398854442268633,0.7590634264134715,-0.18074256993863339,-1.976150908658826,1.0
0.9123715911300435,1.2281514921853518,-0.5495658279681386,-0.48226415597031097,-0.49491722114347625,0.7590634264134715,-0.18074256993863339,0.5060342282658362,0.0
-1.4910517206893772,2.426831056248998,0.5213347066684055,4.2693948006895495,4.9579908714529495,0.7590634264134715,-0.18074256993863339,0.5060342282658362,0.0
-1.4910517206893772,-0.7461442603900652,0.5213347066684055,-0.48226415597031097,0.45182784532700565,0.7590634264134715,-0.18074256993863339,0.5060342282658362,0.0
0.9123715911300435,0.029471928121705727,0.5213347066684055,-0.48226415597031097,-0.3424934122559383,0.7590634264134715,-0.18074256993863339,0.5060342282658362,0.0
-0.28934006477966684,1.4396831799612892,-0.5495658279681386,-0.48226415597031097,-0.46271500799822174,-1.317412966034919,-0.18074256993863339,0.5060342282658362,1.0
0.9123715911300435,-1.9448238244537113,3.7340363105780376,1.8935653223596192,-0.016714355936447167,-1.317412966034919,-0.18074256993863339,0.5060342282658362,0.0
0.9123715911300435,-1.803802699269753,0.5213347066684055,0.705650583194654,-0.4491192336082953,0.7590634264134715,-0.18074256993863339,0.5060342282658362,1.0
-0.28934006477966684,-0.39359144743016933,-0.5495658279681386,-0.48226415597031097,-0.40904465275613094,-1.317412966034919,-0.18074256993863339,0.5060342282658362,1.0
0.9123715911300435,-0.6051231352061068,-0.5495658279681386,-0.48226415597031097,-0.5153119561354708,0.7590634264134715,-0.18074256993863339,0.5060342282658362,0.0
-1.4910517206893772,0.3820247410816016,0.5213347066684055,-0.48226415597031097,1.1039226615184088,-1.317412966034919,-0.18074256993863339,0.5060342282658362,1.0
0.9123715911300435,-0.4641020100221485,-0.5495658279681386,-0.48226415597031097,-0.5186223436468028,0.7590634264134715,-0.18074256993863339,0.5060342282658362,0.0
-1.4910517206893772,0.3820247410816016,0.5213347066684055,-0.48226415597031097,0.42821288902048565,-1.317412966034919,-0.18074256993863339,0.5060342282658362,1.0
-0.28934006477966684,-1.874313261861732,0.5213347066684055,0.705650583194654,-0.12995880549725874,0.7590634264134715,-0.18074256993863339,0.5060342282658362,1.0
-0.28934006477966684,0.31151417848962243,-0.5495658279681386,0.705650583194654,-0.1943632317877677,-1.317412966034919,-0.18074256993863339,0.5060342282658362,1.0
0.9123715911300435,-1.4512498863098569,3.7340363105780376,1.8935653223596192,-0.016714355936447167,-1.317412966034919,-0.18074256993863339,0.5060342282658362,0.0
0.9123715911300435,-0.04103863447027345,-0.5495658279681386,-0.48226415597031097,-0.5153119561354708,0.7590634264134715,-0.18074256993863339,0.5060342282658362,0.0
-1.4910517206893772,2.426831056248998,-0.5495658279681386,-0.48226415597031097,-0.12995880549725874,0.7590634264134715,-0.18074256993863339,0.5060342282658362,0.0
-0.28934006477966684,-0.39359144743016933,-0.5495658279681386,-0.48226415597031097,-0.46271500799822174,0.7590634264134715,-0.18074256993863339,0.5060342282658362,0.0
-1.4910517206893772,1.0871303670013934,-0.5495658279681386,-0.48226415597031097,0.07398854442268633,0.7590634264134715,-0.18074256993863339,0.5060342282658362,0.0
0.9123715911300435,-0.39359144743016933,-0.5495658279681386,-0.48226415597031097,-0.4981374424580016,-1.317412966034919,-0.18074256993863339,0.5060342282658362,0.0
0.9123715911300435,-0.8871653855740236,-0.5495658279681386,-0.48226415597031097,-0.3777376611363145,-1.317412966034919,-0.18074256993863339,-1.976150908658826,0.0
0.9123715911300435,-0.11154919706225262,-0.5495658279681386,-0.48226415597031097,-0.5207691578564865,0.7590634264134715,-0.18074256993863339,0.5060342282658362,0.0
0.9123715911300435,-1.4512498863098569,1.5922352413049496,1.8935653223596192,0.049836884563745465,-1.317412966034919,-0.18074256993863339,0.5060342282658362,0.0
0.9123715911300435,-0.9576759481660028,-0.5495658279681386,-0.48226415597031097,-0.5221109167375388,-1.317412966034919,5.532730890899277,-1.976150908658826,1.0
-0.28934006477966684,-0.4641020100221485,-0.5495658279681386,-0.48226415597031097,-0.40904465275613094,0.7590634264134715,-0.18074256993863339,0.5060342282658362,0.0
0.9123715911300435,-0.4288467287261589,-0.5495658279681386,-0.48226415597031097,-0.532933007168554,0.7590634264134715,-0.18074256993863339,-1.976150908658826,0.0
0.9123715911300435,-0.5346125726141276,0.5213347066684055,-0.48226415597031097,-0.5324864698129398,0.7590634264134715,-0.18074256993863339,0.5060342282658362,0.0
0.9123715911300435,0.24100361589764324,-0.5495658279681386,-0.48226415597031097,-0.5186223436468028,0.7590634264134715,-0.18074256993863339,0.5060342282658362,0.0
0.9123715911300435,-0.7461442603900652,-0.5495658279681386,-0.48226415597031097,-0.5153119561354708,0.7590634264134715,-0.18074256993863339,0.5060342282658362,0.0
-1.4910517206893772,3.5550000577206644,-0.5495658279681386,-0.48226415597031097,-0.04408623710991345,0.7590634264134715,-0.18074256993863339,0.5060342282658362,1.0
-0.28934006477966684,-1.1692076359419403,-0.5495658279681386,0.705650583194654,-0.26950172912669484,-1.317412966034919,-0.18074256993863339,0.5060342282658362,1.0
-0.28934006477966684,0.7345775540414975,-0.5495658279681386,-0.48226415597031097,-0.40904465275613094,-1.317412966034919,-0.18074256993863339,0.5060342282658362,1.0
0.9123715911300435,-0.1820597596542318,-0.5495658279681386,-0.48226415597031097,-0.5207691578564865,0.7590634264134715,-0.18074256993863339,0.5060342282658362,1.0
0.9123715911300435,0.24100361589764324,-0.5495658279681386,-0.48226415597031097,-0.5021627191011585,0.7590634264134715,-0.18074256993863339,-1.976150908658826,0.0
0.9123715911300435,-0.6051231352061068,0.5213347066684055,-0.48226415597031097,-0.47720600391358625,-1.317412966034919,-0.18074256993863339,0.5060342282658362,0.0
0.9123715911300435,-1.3807393237178778,-0.5495658279681386,1.8935653223596192,-0.16967486837640597,-1.317412966034919,-0.18074256993863339,0.5060342282658362,0.0
-0.28934006477966684,-0.11154919706225262,-0.5495658279681386,-0.48226415597031097,-0.40904465275613094,0.7590634264134715,-0.18074256993863339,0.5060342282658362,0.0
-0.28934006477966684,-1.803802699269753,0.5213347066684055,0.705650583194654,-0.1943632317877677,-1.317412966034919,-0.18074256993863339,0.5060342282658362,1.0
0.9123715911300435,-1.4512498863098569,3.7340363105780376,1.8935653223596192,-0.014299189950553065,0.7590634264134715,-0.18074256993863339,0.5060342282658362,0.0
-1.4910517206893772,1.0871303670013934,-0.5495658279681386,-0.48226415597031097,-0.11815132734399875,0.7590634264134715,-0.18074256993863339,0.5060342282658362,0.0
-1.4910517206893772,2.8498944318008728,0.5213347066684055,0.705650583194654,0.8361075888603757,0.7590634264134715,-0.18074256993863339,0.5060342282658362,0.0
0.9123715911300435,-0.8166548229820444,-0.5495658279681386,-0.48226415597031097,-0.5212156952121008,-1.317412966034919,-0.18074256993863339,0.5060342282658362,0.0
-0.28934006477966684,-0.4641020100221485,-0.5495658279681386,-0.48226415597031097,-0.40904465275613094,0.7590634264134715,-0.18074256993863339,0.5060342282658362,0.0
-1.4910517206893772,-0.04103863447027345,0.5213347066684055,-0.48226415597031097,0.7416477636342959,0.7590634264134715,-0.18074256993863339,0.5060342282658362,0.0
-0.28934006477966684,-0.4641020100221485,-0.5495658279681386,-0.48226415597031097,-0.40904465275613094,0.7590634264134715,-0.18074256993863339,0.5060342282658362,0.0
0.9123715911300435,-0.7461442603900652,-0.5495658279681386,-0.48226415597031097,-0.5238992129742053,0.7590634264134715,-0.18074256993863339,0.5060342282658362,0.0
-1.4910517206893772,1.0871303670013934,0.5213347066684055,-0.48226415597031097,1.1039226615184088,0.7590634264134715,-0.18074256993863339,0.5060342282658362,0.0
0.9123715911300435,2.21529936847306,-0.5495658279681386,-0.48226415597031097,-0.5542229636859866,0.7590634264134715,-0.18074256993863339,0.5060342282658362,0.0
0.9123715911300435,0.029471928121705727,-0.5495658279681386,-0.48226415597031097,-0.5330231733653606,0.7590634264134715,-0.18074256993863339,-1.976150908658826,0.0
0.9123715911300435,0.17049305330566408,-0.5495658279681386,-0.48226415597031097,-0.5217523987645216,0.7590634264134715,5.532730890899277,-1.976150908658826,0.0
0.9123715911300435,0.0999824907136849,-0.5495658279681386,-0.48226415597031097,-0.5217523987645216,0.7590634264134715,5.532730890899277,-1.976150908658826,0.0
-1.4910517206893772,-0.7461442603900652,-0.5495658279681386,1.8935653223596192,-0.123876880841225,-1.317412966034919,-0.18074256993863339,0.5060342282658362,1.0
0.9123715911300435,0.6640669914495183,0.5213347066684055,5.457309539854515,-0.016714355936447167,-1.317412966034919,-0.18074256993863339,0.5060342282658362,0.0
0.9123715911300435,-0.8166548229820444,-0.5495658279681386,-0.48226415597031097,-0.5212156952121008,0.7590634264134715,-0.18074256993863339,0.5060342282658362,0.0
0.9123715911300435,-0.11154919706225262,0.5213347066684055,0.705650583194654,-0.3789892538205601,-1.317412966034919,-0.18074256993863339,0.5060342282658362,0.0
0.9123715911300435,1.0871303670013934,-0.5495658279681386,-0.48226415597031097,-0.5383902088895698,0.7590634264134715,-0.18074256993863339,0.5060342282658362,0.0
-1.4910517206893772,1.2986620547773309,-0.5495658279681386,-0.48226415597031097,-0.11815132734399875,0.7590634264134715,-0.18074256993863339,0.5060342282658362,1.0
-0.28934006477966684,0.31151417848962243,-0.5495658279681386,-0.48226415597031097,-0.40904465275613094,0.7590634264134715,-0.18074256993863339,0.5060342282658362,0.0
-0.28934006477966684,-0.39359144743016933,1.5922352413049496,3.081480061524584,-0.2856028356993221,-1.317412966034919,-0.18074256993863339,0.5060342282658362,1.0
-1.4910517206893772,0.5935564288575391,0.5213347066684055,-0.48226415597031097,1.244002288700266,0.7590634264134715,-0.18074256993863339,0.5060342282658362,1.0
0.9123715911300435,-2.0153343870456903,-0.5495658279681386,1.8935653223596192,-0.35018544756923475,-1.317412966034919,-0.18074256993863339,-1.976150908658826,1.0
0.9123715911300435,-1.3102287611258987,3.7340363105780376,1.8935653223596192,-0.016714355936447167,-1.317412966034919,-0.18074256993863339,0.5060342282658362,0.0
-1.4910517206893772,1.5101937425532683,-0.5495658279681386,-0.48226415597031097,-0.11815132734399875,0.7590634264134715,-0.18074256993863339,0.5060342282658362,1.0
0.9123715911300435,0.45253530367358075,-0.5495658279681386,-0.48226415597031097,-0.5186223436468028,0.7590634264134715,-0.18074256993863339,0.5060342282658362,0.0
-1.4910517206893772,1.5101937425532683,-0.5495658279681386,0.705650583194654,0.6295668873751328,0.7590634264134715,-0.18074256993863339,-1.976150908658826,0.0
0.9123715911300435,-0.07629391576626303,-0.5495658279681386,-0.48226415597031097,-0.3424934122559383,0.7590634264134715,-0.18074256993863339,0.5060342282658362,0.0
0.9123715911300435,-0.8166548229820444,-0.5495658279681386,-0.48226415597031097,-0.5217523987645216,0.7590634264134715,-0.18074256993863339,0.5060342282658362,0.0
0.9123715911300435,-0.04103863447027345,-0.5495658279681386,-0.48226415597031097,-0.5212156952121008,0.7590634264134715,-0.18074256993863339,0.5060342282658362,0.0
0.9123715911300435,-0.39359144743016933,1.5922352413049496,-0.48226415597031097,-0.16967486837640597,0.7590634264134715,-0.18074256993863339,0.5060342282658362,0.0
0.9123715911300435,0.17049305330566408,-0.5495658279681386,-0.48226415597031097,-0.5186223436468028,0.7590634264134715,-0.18074256993863339,0.5060342282658362,0.0
-1.4910517206893772,1.8627465555131644,-0.5495658279681386,0.705650583194654,1.0971237009163408,-1.317412966034919,-0.18074256993863339,-1.976150908658826,1.0
-1.4910517206893772,1.5807043051452476,-0.5495658279681386,-0.48226415597031097,-0.033352166061495284,0.7590634264134715,-0.18074256993863339,0.5060342282658362,1.0
0.9123715911300435,0.6640669914495183,-0.5495658279681386,-0.48226415597031097,-0.5179954738975753,0.7590634264134715,-0.18074256993863339,0.5060342282658362,1.0
0.9123715911300435,-0.1820597596542318,-0.5495658279681386,-0.48226415597031097,-0.5021627191011585,0.7590634264134715,-0.18074256993863339,0.5060342282658362,1.0
-0.28934006477966684,0.029471928121705727,-0.5495658279681386,-0.48226415597031097,-0.40904465275613094,0.7590634264134715,-0.18074256993863339,0.5060342282658362,0.0
-1.4910517206893772,1.4396831799612892,-0.5495658279681386,-0.48226415597031097,-0.07172647005959025,-1.317412966034919,-0.18074256993863339,-1.976150908658826,0.0
-0.28934006477966684,0.45253530367358075,0.5213347066684055,-0.48226415597031097,-0.12995880549725874,-1.317412966034919,-0.18074256993863339,0.5060342282658362,1.0
-0.28934006477966684,-0.11154919706225262,-0.5495658279681386,-0.48226415597031097,-0.4165585024900237,-1.317412966034919,-0.18074256993863339,0.5060342282658362,1.0
0.9123715911300435,-1.028186510757982,-0.5495658279681386,-0.48226415597031097,-0.5157584934910849,-1.317412966034919,5.532730890899277,-1.976150908658826,1.0
0.9123715911300435,-0.1820597596542318,-0.5495658279681386,-0.48226415597031097,-0.5179954738975753,-1.317412966034919,-0.18074256993863339,0.5060342282658362,1.0
-0.28934006477966684,0.029471928121705727,2.6631357759414938,-0.48226415597031097,-0.23729951598144036,-1.317412966034919,-0.18074256993863339,0.5060342282658362,1.0
0.9123715911300435,-0.6051231352061068,-0.5495658279681386,-0.48226415597031097,-0.5207691578564865,0.7590634264134715,-0.18074256993863339,0.5060342282658362,1.0
-0.28934006477966684,-2.027321182686327,0.5213347066684055,0.705650583194654,-0.2856028356993221,0.7590634264134715,-0.18074256993863339,0.5060342282658362,1.0
0.9123715911300435,0.6640669914495183,0.5213347066684055,5.457309539854515,-0.016714355936447167,0.7590634264134715,-0.18074256993863339,0.5060342282658362,0.0
0.9123715911300435,0.17049305330566408,-0.5495658279681386,-0.48226415597031097,-0.5179954738975753,0.7590634264134715,-0.18074256993863339,0.5060342282658362,0.0
-0.28934006477966684,2.567852181432956,-0.5495658279681386,-0.48226415597031097,-0.46271500799822174,0.7590634264134715,-0.18074256993863339,0.5060342282658362,0.0
-0.28934006477966684,2.8498944318008728,-0.5495658279681386,-0.48226415597031097,-0.46271500799822174,0.7590634264134715,-0.18074256993863339,0.5060342282658362,0.0
0.9123715911300435,-0.5346125726141276,-0.5495658279681386,-0.48226415597031097,-0.5324864698129398,0.7590634264134715,-0.18074256993863339,0.5060342282658362,0.0
0.9123715911300435,-1.4512498863098569,2.6631357759414938,1.8935653223596192,-0.08916933551326976,-1.317412966034919,-0.18074256993863339,0.5060342282658362,0.0
0.9123715911300435,-0.9576759481660028,-0.5495658279681386,-0.48226415597031097,-0.5153119561354708,0.7590634264134715,-0.18074256993863339,0.5060342282658362,0.0
-1.4910517206893772,0.029471928121705727,-0.5495658279681386,-0.48226415597031097,0.5340336550442113,-1.317412966034919,-0.18074256993863339,-1.976150908658826,1.0
0.9123715911300435,-1.874313261861732,2.6631357759414938,0.705650583194654,-0.23568940532417765,-1.317412966034919,-0.18074256993863339,0.5060342282658362,0.0
-1.4910517206893772,-0.9576759481660028,-0.5495658279681386,0.705650583194654,0.15771429860034797,-1.317412966034919,-0.18074256993863339,0.5060342282658362,1.0
-0.28934006477966684,-1.9448238244537113,0.5213347066684055,0.705650583194654,-0.12995880549725874,0.7590634264134715,-0.18074256993863339,0.5060342282658362,1.0
-1.4910517206893772,1.0166198044094141,-0.5495658279681386,-0.48226415597031097,-0.09301642657702278,-1.317412966034919,-0.18074256993863339,-1.976150908658826,1.0
0.9123715911300435,0.029471928121705727,-0.5495658279681386,-0.48226415597031097,-0.5153119561354708,0.7590634264134715,-0.18074256993863339,0.5060342282658362,0.0
-0.28934006477966684,-0.1820597596542318,0.5213347066684055,-0.48226415597031097,-0.39061854639441634,-1.317412966034919,-0.18074256993863339,-1.976150908658826,1.0
-0.28934006477966684,-0.7461442603900652,-0.5495658279681386,-0.48226415597031097,-0.12995880549725874,-1.317412966034919,-0.18074256993863339,0.5060342282658362,1.0
0.9123715911300435,0.7345775540414975,0.5213347066684055,4.2693948006895495,-0.08916933551326976,0.7590634264134715,-0.18074256993863339,0.5060342282658362,0.0
0.9123715911300435,-0.7461442603900652,-0.5495658279681386,-0.48226415597031097,-0.543220540861358,0.7590634264134715,5.532730890899277,-1.976150908658826,0.0
-1.4910517206893772,-0.1820597596542318,-0.5495658279681386,-0.48226415597031097,-0.033352166061495284,0.7590634264134715,-0.18074256993863339,0.5060342282658362,1.0
-0.28934006477966684,0.8755986792254559,0.5213347066684055,-0.48226415597031097,-0.10849066340042242,0.7590634264134715,-0.18074256993863339,0.5060342282658362,0.0
-0.28934006477966684,1.9332571181051434,-0.5495658279681386,-0.48226415597031097,-0.46271500799822174,-1.317412966034919,-0.18074256993863339,0.5060342282658362,0.0
0.9123715911300435,-0.6051231352061068,-0.5495658279681386,-0.48226415597031097,-0.5324864698129398,0.7590634264134715,-0.18074256993863339,0.5060342282658362,0.0
0.9123715911300435,-0.32308088483819014,-0.5495658279681386,-0.48226415597031097,-0.5238992129742053,0.7590634264134715,-0.18074256993863339,0.5060342282658362,0.0
-1.4910517206893772,-0.8166548229820444,-0.5495658279681386,1.8935653223596192,1.02180701799801,-1.317412966034919,-0.18074256993863339,0.5060342282658362,1.0
0.9123715911300435,-1.5922710114938152,3.7340363105780376,0.705650583194654,-0.06287086144464522,0.7590634264134715,5.532730890899277,-1.976150908658826,0.0
0.9123715911300435,0.8755986792254559,-0.5495658279681386,-0.48226415597031097,-0.5021627191011585,0.7590634264134715,-0.18074256993863339,0.5060342282658362,0.0
-0.28934006477966684,0.3820247410816016,-0.5495658279681386,-0.48226415597031097,-0.12995880549725874,0.7590634264134715,-0.18074256993863339,0.5060342282658362,0.0
-0.28934006477966684,0.029471928121705727,-0.5495658279681386,-0.48226415597031097,-0.40904465275613094,-1.317412966034919,-0.18074256993863339,0.5060342282658362,1.0
0.9123715911300435,-0.25257032224621095,-0.5495658279681386,-0.48226415597031097,-0.5153119561354708,0.7590634264134715,-0.18074256993863339,0.5060342282658362,0.0
-1.4910517206893772,0.7345775540414975,0.5213347066684055,0.705650583194654,2.199334612009482,-1.317412966034919,-0.18074256993863339,-1.976150908658826,1.0
-1.4910517206893772,-0.25257032224621095,-0.5495658279681386,-0.48226415597031097,-0.04408623710991345,0.7590634264134715,-0.18074256993863339,-1.976150908658826,1.0
0.9123715911300435,-0.8166548229820444,-0.5495658279681386,0.705650583194654,-0.48740337140958345,-1.317412966034919,-0.18074256993863339,0.5060342282658362,1.0
-0.28934006477966684,-1.5217604489018361,-0.5495658279681386,1.8935653223596192,-0.12459176997304966,-1.317412966034919,-0.18074256993863339,0.5060342282658362,1.0
0.9123715911300435,-0.675633697798086,-0.5495658279681386,-0.48226415597031097,-0.476759466557972,0.7590634264134715,-0.18074256993863339,0.5060342282658362,0.0
-1.4910517206893772,1.1576409295933725,-0.5495658279681386,-0.48226415597031097,1.0121463540544338,0.7590634264134715,-0.18074256993863339,-1.976150908658826,0.0
0.9123715911300435,0.029471928121705727,-0.5495658279681386,-0.48226415597031097,-0.5153119561354708,0.7590634264134715,-0.18074256993863339,0.5060342282658362,0.0
-0.28934006477966684,-0.6051231352061068,1.5922352413049496,-0.48226415597031097,0.8897779441024666,0.7590634264134715,-0.18074256993863339,0.5060342282658362,0.0
0.9123715911300435,-0.5346125726141276,-0.5495658279681386,-0.48226415597031097,-0.48740337140958345,0.7590634264134715,-0.18074256993863339,0.5060342282658362,0.0
0.9123715911300435,-0.675633697798086,-0.5495658279681386,-0.48226415597031097,-0.6019895798514474,0.7590634264134715,-0.18074256993863339,-1.976150908658826,0.0
-0.28934006477966684,-0.11154919706225262,-0.5495658279681386,-0.48226415597031097,-0.3983105817077128,0.7590634264134715,-0.18074256993863339,0.5060342282658362,0.0
0.9123715911300435,0.45253530367358075,-0.5495658279681386,-0.48226415597031097,-0.5272096004855374,0.7590634264134715,-0.18074256993863339,0.5060342282658362,0.0
-0.28934006477966684,-0.39359144743016933,1.5922352413049496,0.705650583194654,-0.10849066340042242,-1.317412966034919,-0.18074256993863339,0.5060342282658362,1.0
0.9123715911300435,0.45253530367358075,0.5213347066684055,0.705650583194654,-0.16967486837640597,0.7590634264134715,-0.18074256993863339,0.5060342282658362,0.0
0.9123715911300435,-2.0153343870456903,0.5213347066684055,1.8935653223596192,-0.2464234763725958,0.7590634264134715,-0.18074256993863339,0.5060342282658362,1.0
0.9123715911300435,-0.7461442603900652,-0.5495658279681386,-0.48226415597031097,-0.5186223436468028,0.7590634264134715,-0.18074256993863339,0.5060342282658362,0.0
-1.4910517206893772,1.721725430329206,-0.5495658279681386,-0.48226415597031097,0.4252610194821706,0.7590634264134715,-0.18074256993863339,0.5060342282658362,0.0
-0.28934006477966684,-0.11154919706225262,0.5213347066684055,-0.48226415597031097,-0.1728950896909314,-1.317412966034919,-0.18074256993863339,-1.976150908658826,1.0
0.9123715911300435,-0.5346125726141276,-0.5495658279681386,-0.48226415597031097,-0.532933007168554,0.7590634264134715,-0.18074256993863339,-1.976150908658826,0.0
-0.28934006477966684,0.0999824907136849,0.5213347066684055,0.705650583194654,-0.12459176997304966,0.7590634264134715,-0.18074256993863339,0.5060342282658362,0.0
-1.4910517206893772,-0.1820597596542318,-0.5495658279681386,-0.48226415597031097,0.9591028685615706,0.7590634264134715,-0.18074256993863339,-1.976150908658826,1.0
-1.4910517206893772,0.0999824907136849,0.5213347066684055,-0.48226415597031097,1.7436732960041315,-1.317412966034919,-0.18074256993863339,-1.976150908658826,1.0
0.9123715911300435,0.0999824907136849,0.5213347066684055,-0.48226415597031097,-0.3017039422719493,-1.317412966034919,-0.18074256993863339,0.5060342282658362,0.0
-0.28934006477966684,-0.04103863447027345,-0.5495658279681386,-0.48226415597031097,-0.46271500799822174,-1.317412966034919,-0.18074256993863339,0.5060342282658362,1.0
-1.4910517206893772,1.2986620547773309,-0.5495658279681386,-0.48226415597031097,-0.13147874995771472,-1.317412966034919,-0.18074256993863339,0.5060342282658362,1.0
0.9123715911300435,-0.4641020100221485,-0.5495658279681386,-0.48226415597031097,-0.5179954738975753,-1.317412966034919,-0.18074256993863339,0.5060342282658362,0.0
-1.4910517206893772,0.3820247410816016,0.5213347066684055,-0.48226415597031097,0.45182784532700565,-1.317412966034919,-0.18074256993863339,0.5060342282658362,1.0
0.9123715911300435,1.2281514921853518,-0.5495658279681386,-0.48226415597031097,-0.5324864698129398,0.7590634264134715,-0.18074256993863339,0.5060342282658362,0.0
-0.28934006477966684,0.17049305330566408,0.5213347066684055,-0.48226415597031097,-0.12995880549725874,0.7590634264134715,-0.18074256993863339,0.5060342282658362,1.0
0.9123715911300435,-0.5346125726141276,-0.5495658279681386,-0.48226415597031097,-0.5207691578564865,0.7590634264134715,-0.18074256993863339,0.5060342282658362,0.0
-1.4910517206893772,1.5807043051452476,0.5213347066684055,0.705650583194654,1.319140786039193,-1.317412966034919,-0.18074256993863339,0.5060342282658362,1.0
0.9123715911300435,-0.32308088483819014,0.5213347066684055,-0.48226415597031097,-0.30599757069131656,0.7590634264134715,-0.18074256993863339,0.5060342282658362,0.0
-0.28934006477966684,0.20574833460165368,-0.5495658279681386,-0.48226415597031097,-0.40904465275613094,-1.317412966034919,-0.18074256993863339,0.5060342282658362,1.0
-1.4910517206893772,-0.5346125726141276,-0.5495658279681386,0.705650583194654,0.4926173153109946,-1.317412966034919,-0.18074256993863339,0.5060342282658362,1.0
-1.4910517206893772,1.4396831799612892,0.5213347066684055,-0.48226415597031097,1.5966165226408024,0.7590634264134715,-0.18074256993863339,-1.976150908658826,0.0
0.9123715911300435,-0.11154919706225262,-0.5495658279681386,-0.48226415597031097,-0.5195154183580313,0.7590634264134715,-0.18074256993863339,0.5060342282658362,0.0
-1.4910517206893772,-0.11154919706225262,0.5213347066684055,-0.48226415597031097,1.075923910595715,0.7590634264134715,-0.18074256993863339,-1.976150908658826,0.0
-0.28934006477966684,0.6640669914495183,-0.5495658279681386,-0.48226415597031097,-0.12995880549725874,0.7590634264134715,-0.18074256993863339,0.5060342282658362,0.0
0.9123715911300435,0.0999824907136849,0.5213347066684055,0.705650583194654,-0.24749688347743765,-1.317412966034919,-0.18074256993863339,0.5060342282658362,1.0
0.9123715911300435,-0.8871653855740236,3.7340363105780376,1.8935653223596192,-0.5179954738975753,-1.317412966034919,-0.18074256993863339,0.5060342282658362,1.0
0.9123715911300435,-0.04103863447027345,-0.5495658279681386,-0.48226415597031097,-0.5186223436468028,0.7590634264134715,-0.18074256993863339,-1.976150908658826,1.0
0.9123715911300435,0.029471928121705727,-0.5495658279681386,-0.48226415597031097,-0.4841831500950581,0.7590634264134715,-0.18074256993863339,0.5060342282658362,1.0
0.9123715911300435,-0.6051231352061068,-0.5495658279681386,-0.48226415597031097,-0.5206789916596798,0.7590634264134715,-0.18074256993863339,0.5060342282658362,0.0
-0.28934006477966684,-0.39359144743016933,-0.5495658279681386,-0.48226415597031097,-0.40904465275613094,-1.317412966034919,-0.18074256993863339,0.5060342282658362,0.0
0.9123715911300435,-0.39359144743016933,-0.5495658279681386,-0.48226415597031097,-0.5186223436468028,0.7590634264134715,-0.18074256993863339,0.5060342282658362,0.0
-1.4910517206893772,1.0871303670013934,0.5213347066684055,0.705650583194654,2.8512512426214824,-1.317412966034919,-0.18074256993863339,0.5060342282658362,1.0
0.9123715911300435,0.5935564288575391,-0.5495658279681386,-0.48226415597031097,-0.5021627191011585,0.7590634264134715,-0.18074256993863339,0.5060342282658362,0.0
-0.28934006477966684,1.2986620547773309,-0.5495658279681386,-0.48226415597031097,-0.40904465275613094,0.7590634264134715,-0.18074256993863339,0.5060342282658362,0.0
-0.28934006477966684,0.029471928121705727,-0.5495658279681386,-0.48226415597031097,-0.46271500799822174,0.7590634264134715,-0.18074256993863339,0.5060342282658362,0.0
-0.28934006477966684,-0.8166548229820444,-0.5495658279681386,-0.48226415597031097,-0.4412468659013854,0.7590634264134715,-0.18074256993863339,0.5060342282658362,0.0
-0.28934006477966684,-0.11154919706225262,-0.5495658279681386,-0.48226415597031097,-0.40904465275613094,-1.317412966034919,-0.18074256993863339,0.5060342282658362,1.0
-0.28934006477966684,0.17049305330566408,1.5922352413049496,-0.48226415597031097,0.8897779441024666,0.7590634264134715,-0.18074256993863339,0.5060342282658362,0.0
0.9123715911300435,-0.5346125726141276,-0.5495658279681386,-0.48226415597031097,-0.5351699875750443,0.7590634264134715,-0.18074256993863339,0.5060342282658362,0.0
-1.4910517206893772,0.24100361589764324,-0.5495658279681386,-0.48226415597031097,1.1688637913613389,-1.317412966034919,-0.18074256993863339,0.5060342282658362,1.0
0.9123715911300435,-0.39359144743016933,-0.5495658279681386,-0.48226415597031097,-0.4841831500950581,0.7590634264134715,-0.18074256993863339,0.5060342282658362,0.0
0.9123715911300435,0.45253530367358075,0.5213347066684055,-0.48226415597031097,-0.3145848275300511,-1.317412966034919,-0.18074256993863339,0.5060342282658362,1.0
-1.4910517206893772,2.144788805881081,0.5213347066684055,0.705650583194654,1.0121463540544338,0.7590634264134715,-0.18074256993863339,-1.976150908658826,1.0
-1.4910517206893772,1.5807043051452476,0.5213347066684055,-0.48226415597031097,0.9921101370354563,-1.317412966034919,-0.18074256993863339,-1.976150908658826,1.0
-0.28934006477966684,-0.6051231352061068,0.5213347066684055,-0.48226415597031097,-0.4412468659013854,0.7590634264134715,-0.18074256993863339,0.5060342282658362,0.0
0.9123715911300435,-0.5346125726141276,-0.5495658279681386,-0.48226415597031097,-0.46235649002520457,-1.317412966034919,-0.18074256993863339,0.5060342282658362,0.0
0.9123715911300435,0.06472720941769532,-0.5495658279681386,-0.48226415597031097,-0.5217523987645216,-1.317412966034919,5.532730890899277,-1.976150908658826,0.0
0.9123715911300435,-0.39359144743016933,-0.5495658279681386,-0.48226415597031097,-0.5153119561354708,0.7590634264134715,-0.18074256993863339,0.5060342282658362,0.0
-1.4910517206893772,0.45253530367358075,0.5213347066684055,-0.48226415597031097,1.0046325043205409,0.7590634264134715,-0.18074256993863339,0.5060342282658362,0.0
-0.28934006477966684,0.3820247410816016,-0.5495658279681386,-0.48226415597031097,-0.23729951598144036,-1.317412966034919,-0.18074256993863339,0.5060342282658362,1.0
-0.28934006477966684,-0.32308088483819014,-0.5495658279681386,0.705650583194654,-0.12995880549725874,-1.317412966034919,-0.18074256993863339,0.5060342282658362,1.0
0.9123715911300435,-1.9448238244537113,-0.5495658279681386,0.705650583194654,-0.46352006332685314,-1.317412966034919,-0.18074256993863339,0.5060342282658362,0.0
-0.28934006477966684,0.45253530367358075,-0.5495658279681386,-0.48226415597031097,-0.40904465275613094,-1.317412966034919,-0.18074256993863339,0.5060342282658362,1.0
-0.28934006477966684,-0.04103863447027345,-0.5495658279681386,-0.48226415597031097,-0.46271500799822174,0.7590634264134715,-0.18074256993863339,0.5060342282658362,0.0
-1.4910517206893772,0.17049305330566408,-0.5495658279681386,-0.48226415597031097,-0.033352166061495284,0.7590634264134715,-0.18074256993863339,-1.976150908658826,1.0
-1.4910517206893772,2.4973416188409767,-0.5495658279681386,-0.48226415597031097,-0.11815132734399875,0.7590634264134715,-0.18074256993863339,0.5060342282658362,0.0
0.9123715911300435,1.4396831799612892,-0.5495658279681386,-0.48226415597031097,-0.5153119561354708,0.7590634264134715,-0.18074256993863339,0.5060342282658362,0.0
0.9123715911300435,0.0999824907136849,-0.5495658279681386,-0.48226415597031097,-0.5212156952121008,0.7590634264134715,-0.18074256993863339,0.5060342282658362,0.0
0.9123715911300435,-0.6051231352061068,-0.5495658279681386,-0.48226415597031097,-0.5070832172697534,0.7590634264134715,-0.18074256993863339,0.5060342282658362,0.0
0.9123715911300435,-0.7461442603900652,0.5213347066684055,-0.48226415597031097,-0.5195154183580313,-1.317412966034919,-0.18074256993863339,0.5060342282658362,1.0
-0.28934006477966684,0.5230458662655599,0.5213347066684055,-0.48226415597031097,-0.12995880549725874,0.7590634264134715,-0.18074256993863339,0.5060342282658362,0.0
0.9123715911300435,0.3820247410816016,-0.5495658279681386,-0.48226415597031097,-0.5153119561354708,0.7590634264134715,-0.18074256993863339,0.5060342282658362,0.0
0.9123715911300435,-0.9576759481660028,-0.5495658279681386,-0.48226415597031097,-0.4841831500950581,0.7590634264134715,-0.18074256993863339,0.5060342282658362,0.0
-1.4910517206893772,0.6640669914495183,-0.5495658279681386,-0.48226415597031097,-0.6881305000150031,0.7590634264134715,-0.18074256993863339,0.5060342282658362,0.0
-0.28934006477966684,-0.1820597596542318,-0.5495658279681386,-0.48226415597031097,-0.46271500799822174,-1.317412966034919,-0.18074256993863339,0.5060342282658362,1.0
0.9123715911300435,1.2281514921853518,0.5213347066684055,-0.48226415597031097,-0.37684243961087643,-1.317412966034919,-0.18074256993863339,0.5060342282658362,0.0
0.9123715911300435,-0.8871653855740236,0.5213347066684055,0.705650583194654,-0.532933007168554,0.7590634264134715,-0.18074256993863339,-1.976150908658826,0.0
-0.28934006477966684,-0.4641020100221485,1.5922352413049496,0.705650583194654,-0.4412468659013854,0.7590634264134715,-0.18074256993863339,0.5060342282658362,0.0
0.9123715911300435,-0.8871653855740236,0.5213347066684055,-0.48226415597031097,-0.5366899320355003,0.7590634264134715,-0.18074256993863339,0.5060342282658362,0.0
0.9123715911300435,-1.098697073349961,4.8049368452145815,1.8935653223596192,0.31872536432662035,0.7590634264134715,-0.18074256993863339,0.5060342282658362,0.0
-1.4910517206893772,-0.4641020100221485,-0.5495658279681386,0.705650583194654,0.6720544873989817,0.7590634264134715,-0.18074256993863339,-1.976150908658826,1.0
-0.28934006477966684,-0.7461442603900652,0.5213347066684055,0.705650583194654,0.10082372204373173,0.7590634264134715,-0.18074256993863339,0.5060342282658362,0.0
-1.4910517206893772,1.721725430329206,0.5213347066684055,-0.48226415597031097,0.5870771405370744,-1.317412966034919,-0.18074256993863339,-1.976150908658826,1.0
0.9123715911300435,0.8050881166334767,1.5922352413049496,-0.48226415597031097,-0.38525151087020726,0.7590634264134715,-0.18074256993863339,0.5060342282658362,0.0
-0.28934006477966684,0.8755986792254559,-0.5495658279681386,-0.48226415597031097,-0.40904465275613094,0.7590634264134715,-0.18074256993863339,0.5060342282658362,0.0
0.9123715911300435,-0.9576759481660028,4.8049368452145815,1.8935653223596192,0.31872536432662035,-1.317412966034919,-0.18074256993863339,0.5060342282658362,0.0
-0.28934006477966684,-0.7461442603900652,-0.5495658279681386,-0.48226415597031097,-0.40904465275613094,0.7590634264134715,-0.18074256993863339,0.5060342282658362,0.0
0.9123715911300435,-0.11154919706225262,-0.5495658279681386,-0.48226415597031097,-0.204560599283765,0.7590634264134715,-0.18074256993863339,0.5060342282658362,0.0
-1.4910517206893772,0.029471928121705727,-0.5495658279681386,-0.48226415597031097,-0.022618095013077124,-1.317412966034919,-0.18074256993863339,-1.976150908658826,1.0
-1.4910517206893772,0.3820247410816016,-0.5495658279681386,-0.48226415597031097,10.310625565943473,-1.317412966034919,-0.18074256993863339,-1.976150908658826,1.0
0.9123715911300435,-0.9576759481660028,-0.5495658279681386,-0.48226415597031097,-0.5212156952121008,0.7590634264134715,-0.18074256993863339,0.5060342282658362,0.0
0.9123715911300435,-0.8166548229820444,-0.5495658279681386,-0.48226415597031097,-0.5207691578564865,0.7590634264134715,-0.18074256993863339,0.5060342282658362,0.0
-0.28934006477966684,-0.25257032224621095,-0.5495658279681386,-0.48226415597031097,-0.46271500799822174,0.7590634264134715,-0.18074256993863339,0.5060342282658362,0.0
-1.4910517206893772,2.144788805881081,-0.5495658279681386,-0.48226415597031097,-0.11815132734399875,0.7590634264134715,-0.18074256993863339,0.5060342282658362,0.0
-0.28934006477966684,-1.098697073349961,0.5213347066684055,-0.48226415597031097,-0.04256629264945747,-1.317412966034919,-0.18074256993863339,-1.976150908658826,1.0
-1.4910517206893772,-0.1820597596542318,0.5213347066684055,-0.48226415597031097,0.45182784532700565,0.7590634264134715,-0.18074256993863339,0.5060342282658362,1.0
0.9123715911300435,-1.5922710114938152,3.7340363105780376,0.705650583194654,0.16388638945318842,0.7590634264134715,-0.18074256993863339,0.5060342282658362,0.0
-1.4910517206893772,0.45253530367358075,-0.5495658279681386,-0.48226415597031097,-0.12163990043473467,0.7590634264134715,-0.18074256993863339,0.5060342282658362,1.0
-1.4910517206893772,1.8627465555131644,-0.5495658279681386,-0.48226415597031097,-0.029148703838934767,0.7590634264134715,-0.18074256993863339,-1.976150908658826,0.0
-0.28934006477966684,1.721725430329206,-0.5495658279681386,-0.48226415597031097,-0.3875765106592946,0.7590634264134715,-0.18074256993863339,0.5060342282658362,0.0
-1.4910517206893772,0.8755986792254559,-0.5495658279681386,-0.48226415597031097,4.196408530567681,-1.317412966034919,-0.18074256993863339,-1.976150908658826,1.0
0.9123715911300435,0.9461092418174349,0.5213347066684055,6.64522427901948,0.31872536432662035,-1.317412966034919,-0.18074256993863339,0.5060342282658362,0.0
0.9123715911300435,-0.675633697798086,-0.5495658279681386,-0.48226415597031097,-0.490086889171688,0.7590634264134715,-0.18074256993863339,0.5060342282658362,0.0
0.9123715911300435,0.31151417848962243,-0.5495658279681386,-0.48226415597031097,-0.5153119561354708,0.7590634264134715,-0.18074256993863339,0.5060342282658362,0.0
0.9123715911300435,0.029471928121705727,-0.5495658279681386,-0.48226415597031097,-0.42031542735697,-1.317412966034919,-0.18074256993863339,0.5060342282658362,1.0
0.9123715911300435,-0.5346125726141276,-0.5495658279681386,-0.48226415597031097,-0.5217523987645216,-1.317412966034919,-0.18074256993863339,0.5060342282658362,1.0
0.9123715911300435,-0.4641020100221485,-0.5495658279681386,-0.48226415597031097,-0.5260460271838889,-1.317412966034919,-0.18074256993863339,0.5060342282658362,1.0
-1.4910517206893772,-0.8871653855740236,0.5213347066684055,-0.48226415597031097,0.5355535995046673,-1.317412966034919,-0.18074256993863339,0.5060342282658362,1.0
0.9123715911300435,0.0999824907136849,-0.5495658279681386,-0.48226415597031097,-0.5017161817455443,-1.317412966034919,-0.18074256993863339,0.5060342282658362,1.0
-0.28934006477966684,0.45253530367358075,-0.5495658279681386,-0.48226415597031097,-0.40904465275613094,-1.317412966034919,-0.18074256993863339,0.5060342282658362,1.0
0.9123715911300435,0.24100361589764324,-0.5495658279681386,-0.48226415597031097,-0.4841831500950581,0.7590634264134715,-0.18074256993863339,0.5060342282658362,0.0
-1.4910517206893772,-0.5346125726141276,-0.5495658279681386,-0.48226415597031097,2.2236644574478266,0.7590634264134715,-0.18074256993863339,-1.976150908658826,0.0
0.9123715911300435,0.029471928121705727,-0.5495658279681386,-0.48226415597031097,-0.5186223436468028,0.7590634264134715,-0.18074256993863339,0.5060342282658362,0.0
0.9123715911300435,-0.5346125726141276,-0.5495658279681386,-0.48226415597031097,-0.5186223436468028,0.7590634264134715,-0.18074256993863339,0.5060342282658362,0.0
-0.28934006477966684,0.17049305330566408,-0.5495658279681386,-0.48226415597031097,-0.40904465275613094,-1.317412966034919,-0.18074256993863339,0.5060342282658362,1.0
-0.28934006477966684,-0.7461442603900652,0.5213347066684055,-0.48226415597031097,-0.12995880549725874,-1.317412966034919,-0.18074256993863339,0.5060342282658362,1.0
-0.28934006477966684,0.6640669914495183,-0.5495658279681386,-0.48226415597031097,-0.40904465275613094,0.7590634264134715,-0.18074256993863339,0.5060342282658362,0.0
-1.4910517206893772,2.2858099310650393,-0.5495658279681386,-0.48226415597031097,-0.11815132734399875,0.7590634264134715,-0.18074256993863339,0.5060342282658362,0.0
0.9123715911300435,-1.803802699269753,3.7340363105780376,1.8935653223596192,-0.016714355936447167,0.7590634264134715,-0.18074256993863339,0.5060342282658362,0.0
-1.4910517206893772,0.5935564288575391,-0.5495658279681386,0.705650583194654,2.606424256520741,0.7590634264134715,-0.18074256993863339,0.5060342282658362,0.0
-1.4910517206893772,0.9461092418174349,-0.5495658279681386,0.705650583194654,3.8488929803751435,-1.317412966034919,-0.18074256993863339,0.5060342282658362,1.0
0.9123715911300435,-1.7332921366777736,1.5922352413049496,0.705650583194654,-0.2746905790715002,-1.317412966034919,-0.18074256993863339,-1.976150908658826,1.0
-0.28934006477966684,0.6640669914495183,-0.5495658279681386,-0.48226415597031097,-0.40904465275613094,0.7590634264134715,-0.18074256993863339,0.5060342282658362,0.0
-1.4910517206893772,1.36917261736931,0.5213347066684055,-0.48226415597031097,0.9591028685615706,-1.317412966034919,-0.18074256993863339,-1.976150908658826,1.0
0.9123715911300435,1.0166198044094141,-0.5495658279681386,0.705650583194654,-0.3424934122559383,0.7590634264134715,-0.18074256993863339,0.5060342282658362,0.0
-0.28934006477966684,-1.5922710114938152,-0.5495658279681386,1.8935653223596192,-0.12459176997304966,-1.317412966034919,-0.18074256993863339,0.5060342282658362,1.0
0.9123715911300435,0.769832835337487,-0.5495658279681386,-0.48226415597031097,-0.5217523987645216,0.7590634264134715,5.532730890899277,-1.976150908658826,0.0
0.9123715911300435,-0.1820597596542318,0.5213347066684055,-0.48226415597031097,-0.3778256805189115,0.7590634264134715,-0.18074256993863339,-1.976150908658826,0.0
-0.28934006477966684,-0.8166548229820444,-0.5495658279681386,-0.48226415597031097,0.8897779441024666,0.7590634264134715,-0.18074256993863339,0.5060342282658362,0.0
-0.28934006477966684,-0.39359144743016933,-0.5495658279681386,1.8935653223596192,-0.37684243961087643,-1.317412966034919,-0.18074256993863339,0.5060342282658362,1.0
-0.28934006477966684,0.0999824907136849,-0.5495658279681386,-0.48226415597031097,-0.46271500799822174,0.7590634264134715,-0.18074256993863339,0.5060342282658362,0.0
-1.4910517206893772,1.0871303670013934,-0.5495658279681386,-0.48226415597031097,-0.11815132734399875,0.7590634264134715,-0.18074256993863339,0.5060342282658362,1.0
0.9123715911300435,-1.803802699269753,-0.5495658279681386,1.8935653223596192,-0.21529467033218316,-1.317412966034919,-0.18074256993863339,0.5060342282658362,1.0
0.9123715911300435,0.7345775540414975,-0.5495658279681386,-0.48226415597031097,-0.5330231733653606,0.7590634264134715,-0.18074256993863339,-1.976150908658826,0.0
-0.28934006477966684,2.2858099310650393,-0.5495658279681386,-0.48226415597031097,-0.46271500799822174,0.7590634264134715,-0.18074256993863339,0.5060342282658362,1.0
0.9123715911300435,-1.9448238244537113,3.7340363105780376,0.705650583194654,0.16388638945318842,0.7590634264134715,-0.18074256993863339,0.5060342282658362,0.0
0.9123715911300435,-0.8166548229820444,-0.5495658279681386,-0.48226415597031097,-0.4768474859405691,-1.317412966034919,-0.18074256993863339,0.5060342282658362,1.0
0.9123715911300435,-0.6051231352061068,1.5922352413049496,1.8935653223596192,0.049836884563745465,-1.317412966034919,-0.18074256993863339,0.5060342282658362,0.0
-0.28934006477966684,1.2281514921853518,-0.5495658279681386,-0.48226415597031097,-0.36610836856245826,0.7590634264134715,-0.18074256993863339,0.5060342282658362,0.0
0.9123715911300435,-0.675633697798086,-0.5495658279681386,-0.48226415597031097,-0.5021627191011585,-1.317412966034919,-0.18074256993863339,0.5060342282658362,0.0
-0.28934006477966684,2.074278243289102,-0.5495658279681386,-0.48226415597031097,-0.3983105817077128,0.7590634264134715,-0.18074256993863339,0.5060342282658362,0.0
0.9123715911300435,0.769832835337487,-0.5495658279681386,1.8935653223596192,-0.37684243961087643,0.7590634264134715,-0.18074256993863339,0.5060342282658362,0.0
0.9123715911300435,0.31151417848962243,-0.5495658279681386,-0.48226415597031097,-0.5153119561354708,0.7590634264134715,-0.18074256993863339,0.5060342282658362,0.0
0.9123715911300435,0.45253530367358075,-0.5495658279681386,-0.48226415597031097,-0.6881305000150031,0.7590634264134715,-0.18074256993863339,0.5060342282658362,0.0
0.9123715911300435,3.1319366821687895,-0.5495658279681386,-0.48226415597031097,-0.5212156952121008,0.7590634264134715,-0.18074256993863339,0.5060342282658362,0.0
0.9123715911300435,-0.32308088483819014,-0.5495658279681386,-0.48226415597031097,-0.5212156952121008,-1.317412966034919,-0.18074256993863339,0.5060342282658362,0.0
0.9123715911300435,-1.874313261861732,0.5213347066684055,0.705650583194654,-0.34678704067530564,0.7590634264134715,-0.18074256993863339,0.5060342282658362,1.0
-1.4910517206893772,-0.39359144743016933,-0.5495658279681386,-0.48226415597031097,0.799611747295754,-1.317412966034919,-0.18074256993863339,-1.976150908658826,1.0
-1.4910517206893772,-0.9576759481660028,-0.5495658279681386,-0.48226415597031097,1.1688637913613389,-1.317412966034919,-0.18074256993863339,0.5060342282658362,1.0
0.9123715911300435,1.8274912742171747,-0.5495658279681386,-0.48226415597031097,-0.5153119561354708,0.7590634264134715,-0.18074256993863339,0.5060342282658362,0.0
-0.28934006477966684,-0.8166548229820444,-0.5495658279681386,-0.48226415597031097,-0.40904465275613094,0.7590634264134715,-0.18074256993863339,0.5060342282658362,0.0
-1.4910517206893772,2.2858099310650393,-0.5495658279681386,-0.48226415597031097,-0.11815132734399875,0.7590634264134715,-0.18074256993863339,0.5060342282658362,0.0
0.9123715911300435,-0.5346125726141276,-0.5495658279681386,-0.48226415597031097,-0.5330231733653606,0.7590634264134715,-0.18074256993863339,-1.976150908658826,1.0
-1.4910517206893772,-0.39359144743016933,-0.5495658279681386,-0.48226415597031097,1.0971237009163408,-1.317412966034919,-0.18074256993863339,-1.976150908658826,1.0
-1.4910517206893772,1.0166198044094141,-0.5495658279681386,0.705650583194654,0.5565752042458894,-1.317412966034919,-0.18074256993863339,-1.976150908658826,1.0
0.9123715911300435,-0.32308088483819014,-0.5495658279681386,-0.48226415597031097,-0.5186223436468028,0.7590634264134715,-0.18074256993863339,0.5060342282658362,0.0
0.9123715911300435,-0.25257032224621095,-0.5495658279681386,-0.48226415597031097,-0.5212156952121008,0.7590634264134715,-0.18074256993863339,0.5060342282658362,0.0
-0.28934006477966684,0.24100361589764324,-0.5495658279681386,1.8935653223596192,-0.12995880549725874,-1.317412966034919,-0.18074256993863339,0.5060342282658362,1.0
-0.28934006477966684,0.3820247410816016,-0.5495658279681386,-0.48226415597031097,-0.46271500799822174,0.7590634264134715,-0.18074256993863339,0.5060342282658362,0.0
-1.4910517206893772,-0.6051231352061068,1.5922352413049496,1.8935653223596192,4.944573282642427,-1.317412966034919,-0.18074256993863339,-1.976150908658826,1.0
-1.4910517206893772,0.5230458662655599,-0.5495658279681386,0.705650583194654,-0.05052667973896436,0.7590634264134715,-0.18074256993863339,-1.976150908658826,0.0
0.9123715911300435,-0.675633697798086,-0.5495658279681386,-0.48226415597031097,-0.5179954738975753,0.7590634264134715,-0.18074256993863339,0.5060342282658362,0.0
-0.28934006477966684,-0.32308088483819014,0.5213347066684055,1.8935653223596192,0.2044976738577737,0.7590634264134715,-0.18074256993863339,-1.976150908658826,0.0
0.9123715911300435,-1.6627815740857945,3.7340363105780376,1.8935653223596192,-0.016714355936447167,-1.317412966034919,-0.18074256993863339,0.5060342282658362,0.0
0.9123715911300435,-0.32308088483819014,-0.5495658279681386,-0.48226415597031097,-0.5330231733653606,0.7590634264134715,-0.18074256993863339,-1.976150908658826,0.0
-1.4910517206893772,0.3820247410816016,0.5213347066684055,-0.48226415597031097,1.244002288700266,-1.317412966034919,-0.18074256993863339,0.5060342282658362,1.0
-0.28934006477966684,-0.39359144743016933,-0.5495658279681386,-0.48226415597031097,-0.40904465275613094,0.7590634264134715,-0.18074256993863339,0.5060342282658362,0.0
-1.4910517206893772,1.2986620547773309,0.5213347066684055,-0.48226415597031097,0.9591028685615706,0.7590634264134715,-0.18074256993863339,-1.976150908658826,1.0
0.9123715911300435,-0.9576759481660028,1.5922352413049496,-0.48226415597031097,-0.3017039422719493,0.7590634264134715,-0.18074256993863339,0.5060342282658362,0.0
-1.4910517206893772,1.2986620547773309,0.5213347066684055,-0.48226415597031097,0.16200792701971528,-1.317412966034919,-0.18074256993863339,-1.976150908658826,1.0
0.9123715911300435,-0.25257032224621095,-0.5495658279681386,-0.48226415597031097,-0.5186223436468028,0.7590634264134715,-0.18074256993863339,0.5060342282658362,0.0
0.9123715911300435,-0.39359144743016933,0.5213347066684055,-0.48226415597031097,-0.3478604477801474,-1.317412966034919,-0.18074256993863339,0.5060342282658362,1.0
0.9123715911300435,-0.5346125726141276,-0.5495658279681386,-0.48226415597031097,-0.5217523987645216,-1.317412966034919,5.532730890899277,-1.976150908658826,1.0
0.9123715911300435,-1.7332921366777736,-0.5495658279681386,-0.48226415597031097,-0.42031542735697,-1.317412966034919,-0.18074256993863339,0.5060342282658362,1.0
0.9123715911300435,-2.032962027693685,1.5922352413049496,0.705650583194654,-0.2746905790715002,-1.317412966034919,-0.18074256993863339,-1.976150908658826,1.0
-1.4910517206893772,-0.25257032224621095,-0.5495658279681386,-0.48226415597031097,1.0046325043205409,-1.317412966034919,-0.18074256993863339,0.5060342282658362,1.0
0.9123715911300435,0.3820247410816016,-0.5495658279681386,-0.48226415597031097,-0.5186223436468028,0.7590634264134715,-0.18074256993863339,-1.976150908658826,0.0
0.9123715911300435,0.0999824907136849,-0.5495658279681386,-0.48226415597031097,-0.5195154183580313,-1.317412966034919,-0.18074256993863339,0.5060342282658362,0.0
-0.28934006477966684,0.31151417848962243,-0.5495658279681386,-0.48226415597031097,-0.46271500799822174,-1.317412966034919,-0.18074256993863339,0.5060342282658362,1.0
0.9123715911300435,0.029471928121705727,0.5213347066684055,0.705650583194654,-0.16967486837640597,-1.317412966034919,-0.18074256993863339,0.5060342282658362,0.0
-1.4910517206893772,0.31151417848962243,-0.5495658279681386,-0.48226415597031097,-0.11815132734399875,0.7590634264134715,-0.18074256993863339,0.5060342282658362,1.0
-0.28934006477966684,0.029471928121705727,-0.5495658279681386,-0.48226415597031097,-0.4229989451190745,-1.317412966034919,5.532730890899277,-1.976150908658826,1.0
0.9123715911300435,-1.028186510757982,0.5213347066684055,0.705650583194654,-0.532933007168554,0.7590634264134715,-0.18074256993863339,-1.976150908658826,0.0
-0.28934006477966684,-0.4641020100221485,-0.5495658279681386,-0.48226415597031097,-0.39204832465806566,-1.317412966034919,-0.18074256993863339,-1.976150908658826,1.0
0.9123715911300435,2.3563204936570186,-0.5495658279681386,-0.48226415597031097,-0.4823046876615849,-1.317412966034919,-0.18074256993863339,0.5060342282658362,1.0
0.9123715911300435,2.4973416188409767,-0.5495658279681386,-0.48226415597031097,-0.5217523987645216,0.7590634264134715,5.532730890899277,-1.976150908658826,0.0
-0.28934006477966684,-0.11154919706225262,-0.5495658279681386,0.705650583194654,0.02031818918059552,0.7590634264134715,-0.18074256993863339,0.5060342282658362,0.0
-1.4910517206893772,-0.04103863447027345,-0.5495658279681386,-0.48226415597031097,3.8488929803751435,-1.317412966034919,-0.18074256993863339,0.5060342282658362,1.0
-1.4910517206893772,1.36917261736931,0.5213347066684055,-0.48226415597031097,0.5340336550442113,0.7590634264134715,-0.18074256993863339,-1.976150908658826,1.0
-1.4910517206893772,-1.098697073349961,0.5213347066684055,1.8935653223596192,1.8880465516053555,-1.317412966034919,-0.18074256993863339,0.5060342282658362,1.0
0.9123715911300435,-0.675633697798086,-0.5495658279681386,-0.48226415597031097,-0.5195154183580313,0.7590634264134715,-0.18074256993863339,0.5060342282658362,0.0
0.9123715911300435,-0.32308088483819014,-0.5495658279681386,-0.48226415597031097,-0.536780098232307,0.7590634264134715,-0.18074256993863339,0.5060342282658362,0.0
-1.4910517206893772,0.5935564288575391,-0.5495658279681386,-0.48226415597031097,-0.6881305000150031,0.7590634264134715,-0.18074256993863339,0.5060342282658362,0.0
0.9123715911300435,-0.1820597596542318,-0.5495658279681386,-0.48226415597031097,-0.5383902088895698,0.7590634264134715,-0.18074256993863339,0.5060342282658362,1.0
0.9123715911300435,0.8050881166334767,-0.5495658279681386,-0.48226415597031097,-0.5351699875750443,0.7590634264134715,-0.18074256993863339,0.5060342282658362,0.0
0.9123715911300435,-0.8166548229820444,-0.5495658279681386,0.705650583194654,-0.3778256805189115,-1.317412966034919,-0.18074256993863339,-1.976150908658826,0.0
0.9123715911300435,-1.0634417920539714,0.5213347066684055,-0.48226415597031097,-0.3778256805189115,-1.317412966034919,-0.18074256993863339,-1.976150908658826,0.0
-1.4910517206893772,-2.0209752320530487,0.5213347066684055,1.8935653223596192,2.565366434760542,0.7590634264134715,-0.18074256993863339,0.5060342282658362,1.0
0.9123715911300435,0.31151417848962243,-0.5495658279681386,-0.48226415597031097,-0.5486777425823738,0.7590634264134715,-0.18074256993863339,0.5060342282658362,0.0
0.9123715911300435,-0.675633697798086,0.5213347066684055,-0.48226415597031097,-0.5179954738975753,0.7590634264134715,-0.18074256993863339,0.5060342282658362,1.0
0.9123715911300435,-0.8166548229820444,0.5213347066684055,-0.48226415597031097,-0.30599757069131656,-1.317412966034919,-0.18074256993863339,0.5060342282658362,0.0
-0.28934006477966684,2.144788805881081,0.5213347066684055,0.705650583194654,0.14912704176161345,0.7590634264134715,-0.18074256993863339,0.5060342282658362,0.0
-0.28934006477966684,0.029471928121705727,-0.5495658279681386,-0.48226415597031097,-0.40904465275613094,0.7590634264134715,-0.18074256993863339,0.5060342282658362,0.0
-1.4910517206893772,0.45253530367358075,0.5213347066684055,1.8935653223596192,1.8880465516053555,-1.317412966034919,-0.18074256993863339,0.5060342282658362,1.0
-1.4910517206893772,0.24100361589764324,-0.5495658279681386,-0.48226415597031097,-0.5807897895308215,0.7590634264134715,-0.18074256993863339,0.5060342282658362,0.0
-0.28934006477966684,-0.9576759481660028,-0.5495658279681386,-0.48226415597031097,-0.46271500799822174,0.7590634264134715,-0.18074256993863339,0.5060342282658362,0.0
-0.28934006477966684,0.20574833460165368,0.5213347066684055,-0.48226415597031097,-0.04256629264945747,0.7590634264134715,-0.18074256993863339,-1.976150908658826,0.0
-1.4910517206893772,-0.39359144743016933,-0.5495658279681386,-0.48226415597031097,0.3746326999752015,-1.317412966034919,-0.18074256993863339,-1.976150908658826,1.0
-1.4910517206893772,1.4396831799612892,-0.5495658279681386,0.705650583194654,4.6256812063076005,-1.317412966034919,-0.18074256993863339,-1.976150908658826,1.0
-0.28934006477966684,1.4396831799612892,-0.5495658279681386,-0.48226415597031097,-0.40904465275613094,0.7590634264134715,-0.18074256993863339,0.5060342282658362,0.0
-0.28934006477966684,1.721725430329206,-0.5495658279681386,-0.48226415597031097,-0.12995880549725874,0.7590634264134715,-0.18074256993863339,0.5060342282658362,0.0
0.9123715911300435,0.8755986792254559,-0.5495658279681386,-0.48226415597031097,-0.5238992129742053,0.7590634264134715,-0.18074256993863339,0.5060342282658362,0.0
0.9123715911300435,-0.32308088483819014,-0.5495658279681386,-0.48226415597031097,-0.536780098232307,0.7590634264134715,-0.18074256993863339,0.5060342282658362,0.0
-1.4910517206893772,0.029471928121705727,-0.5495658279681386,-0.48226415597031097,1.1688637913613389,-1.317412966034919,-0.18074256993863339,0.5060342282658362,1.0
-1.4910517206893772,2.920404994392852,-0.5495658279681386,-0.48226415597031097,0.3746326999752015,0.7590634264134715,-0.18074256993863339,-1.976150908658826,0.0
0.9123715911300435,-0.8871653855740236,-0.5495658279681386,-0.48226415597031097,-0.5021627191011585,0.7590634264134715,-0.18074256993863339,0.5060342282658362,0.0
-0.28934006477966684,-2.0386028727010435,0.5213347066684055,0.705650583194654,-0.37684243961087643,0.7590634264134715,-0.18074256993863339,0.5060342282658362,1.0
0.9123715911300435,-0.32308088483819014,-0.5495658279681386,-0.48226415597031097,-0.6881305000150031,0.7590634264134715,-0.18074256993863339,0.5060342282658362,1.0
0.9123715911300435,0.3820247410816016,-0.5495658279681386,-0.48226415597031097,-0.5153119561354708,0.7590634264134715,-0.18074256993863339,0.5060342282658362,0.0
0.9123715911300435,0.029471928121705727,-0.5495658279681386,-0.48226415597031097,-0.532933007168554,0.7590634264134715,-0.18074256993863339,-1.976150908658826,0.0
-1.4910517206893772,0.0999824907136849,0.5213347066684055,-0.48226415597031097,0.5355535995046673,0.7590634264134715,-0.18074256993863339,0.5060342282658362,1.0
0.9123715911300435,-1.2397181985339194,0.5213347066684055,-0.48226415597031097,-0.44679208700499823,0.7590634264134715,-0.18074256993863339,-1.976150908658826,1.0
-0.28934006477966684,0.31151417848962243,-0.5495658279681386,-0.48226415597031097,-0.40904465275613094,0.7590634264134715,-0.18074256993863339,0.5060342282658362,0.0
-1.4910517206893772,0.45253530367358075,-0.5495658279681386,-0.48226415597031097,-0.12378671464441826,0.7590634264134715,-0.18074256993863339,0.5060342282658362,1.0
0.9123715911300435,0.17049305330566408,-0.5495658279681386,-0.48226415597031097,-0.5179954738975753,0.7590634264134715,-0.18074256993863339,0.5060342282658362,0.0
0.9123715911300435,-1.803802699269753,2.6631357759414938,1.8935653223596192,-0.08916933551326976,0.7590634264134715,-0.18074256993863339,0.5060342282658362,0.0
-0.28934006477966684,-0.1820597596542318,0.5213347066684055,-0.48226415597031097,-0.23729951598144036,-1.317412966034919,-0.18074256993863339,0.5060342282658362,0.0
-0.28934006477966684,1.721725430329206,0.5213347066684055,-0.48226415597031097,-0.12995880549725874,0.7590634264134715,-0.18074256993863339,0.5060342282658362,0.0
0.9123715911300435,-0.11154919706225262,-0.5495658279681386,-0.48226415597031097,0.5247293622594424,0.7590634264134715,-0.18074256993863339,0.5060342282658362,0.0
-1.4910517206893772,0.8755986792254559,0.5213347066684055,-0.48226415597031097,0.42821288902048565,0.7590634264134715,-0.18074256993863339,0.5060342282658362,0.0
0.9123715911300435,-0.8166548229820444,-0.5495658279681386,-0.48226415597031097,-0.5272096004855374,-1.317412966034919,-0.18074256993863339,0.5060342282658362,1.0
0.9123715911300435,-0.5346125726141276,-0.5495658279681386,-0.48226415597031097,-0.5186223436468028,0.7590634264134715,-0.18074256993863339,0.5060342282658362,0.0
-1.4910517206893772,0.8755986792254559,0.5213347066684055,-0.48226415597031097,0.4401105333705524,0.7590634264134715,-0.18074256993863339,0.5060342282658362,1.0
-0.28934006477966684,0.31151417848962243,0.5213347066684055,-0.48226415597031097,-0.23729951598144036,0.7590634264134715,-0.18074256993863339,0.5060342282658362,0.0
-0.28934006477966684,-0.04103863447027345,0.5213347066684055,-0.48226415597031097,-0.09301642657702278,0.7590634264134715,-0.18074256993863339,-1.976150908658826,0.0
0.9123715911300435,0.6640669914495183,-0.5495658279681386,-0.48226415597031097,-0.5179954738975753,0.7590634264134715,-0.18074256993863339,0.5060342282658362,0.0
-1.4910517206893772,1.792235992921185,-0.5495658279681386,-0.48226415597031097,-0.033352166061495284,0.7590634264134715,-0.18074256993863339,0.5060342282658362,0.0
0.9123715911300435,-0.9576759481660028,0.5213347066684055,0.705650583194654,-0.2534006225540676,0.7590634264134715,-0.18074256993863339,0.5060342282658362,0.0
0.9123715911300435,1.5101937425532683,-0.5495658279681386,-0.48226415597031097,-0.5366899320355003,0.7590634264134715,-0.18074256993863339,0.5060342282658362,0.0
0.9123715911300435,-0.6051231352061068,-0.5495658279681386,-0.48226415597031097,-0.5179954738975753,0.7590634264134715,-0.18074256993863339,0.5060342282658362,0.0
-1.4910517206893772,-0.11154919706225262,-0.5495658279681386,-0.48226415597031097,0.3230189927459877,0.7590634264134715,-0.18074256993863339,0.5060342282658362,0.0
0.9123715911300435,1.36917261736931,-0.5495658279681386,-0.48226415597031097,-0.6881305000150031,0.7590634264134715,-0.18074256993863339,0.5060342282658362,0.0
-0.28934006477966684,0.7345775540414975,-0.5495658279681386,-0.48226415597031097,-0.35000726198983106,-1.317412966034919,-0.18074256993863339,0.5060342282658362,1.0
-1.4910517206893772,0.0999824907136849,-0.5495658279681386,-0.48226415597031097,0.3959205096784245,0.7590634264134715,-0.18074256993863339,0.5060342282658362,0.0
-1.4910517206893772,1.4396831799612892,1.5922352413049496,-0.48226415597031097,2.1810866912271716,0.7590634264134715,-0.18074256993863339,0.5060342282658362,1.0
0.9123715911300435,0.24100361589764324,2.6631357759414938,-0.48226415597031097,-0.3478604477801474,-1.317412966034919,-0.18074256993863339,0.5060342282658362,1.0
-0.28934006477966684,1.792235992921185,-0.5495658279681386,-0.48226415597031097,-0.344640226465622,-1.317412966034919,-0.18074256993863339,0.5060342282658362,1.0
0.9123715911300435,0.8755986792254559,-0.5495658279681386,0.705650583194654,-0.5077079402047713,0.7590634264134715,-0.18074256993863339,0.5060342282658362,0.0
-1.4910517206893772,2.4973416188409767,-0.5495658279681386,0.705650583194654,0.6424477726332346,0.7590634264134715,-0.18074256993863339,-1.976150908658826,0.0
0.9123715911300435,-0.6051231352061068,-0.5495658279681386,-0.48226415597031097,-0.3424934122559383,0.7590634264134715,-0.18074256993863339,0.5060342282658362,0.0
0.9123715911300435,-0.04103863447027345,0.5213347066684055,-0.48226415597031097,-0.5368702644291138,0.7590634264134715,-0.18074256993863339,0.5060342282658362,0.0
0.9123715911300435,-1.7332921366777736,3.7340363105780376,1.8935653223596192,-0.014299189950553065,-1.317412966034919,-0.18074256993863339,0.5060342282658362,1.0
-1.4910517206893772,0.3820247410816016,-0.5495658279681386,-0.48226415597031097,2.2236644574478266,-1.317412966034919,-0.18074256993863339,0.5060342282658362,1.0
-0.28934006477966684,0.17049305330566408,-0.5495658279681386,-0.48226415597031097,-0.46271500799822174,0.7590634264134715,-0.18074256993863339,0.5060342282658362,0.0
0.9123715911300435,-0.04103863447027345,-0.5495658279681386,-0.48226415597031097,-0.5190688810024171,0.7590634264134715,-0.18074256993863339,0.5060342282658362,0.0
0.9123715911300435,-0.8166548229820444,0.5213347066684055,-0.48226415597031097,-0.5486777425823738,0.7590634264134715,-0.18074256993863339,0.5060342282658362,0.0
0.9123715911300435,-0.25257032224621095,-0.5495658279681386,-0.48226415597031097,-0.5195154183580313,-1.317412966034919,-0.18074256993863339,0.5060342282658362,1.0
-1.4910517206893772,0.45253530367358075,-0.5495658279681386,-0.48226415597031097,0.1732787016205543,0.7590634264134715,-0.18074256993863339,-1.976150908658826,0.0
-0.28934006477966684,0.31151417848962243,-0.5495658279681386,-0.48226415597031097,-0.40904465275613094,-1.317412966034919,-0.18074256993863339,0.5060342282658362,1.0
-1.4910517206893772,-0.7461442603900652,-0.5495658279681386,-0.48226415597031097,-0.04408623710991345,-1.317412966034919,-0.18074256993863339,0.5060342282658362,1.0
-1.4910517206893772,0.8050881166334767,-0.5495658279681386,-0.48226415597031097,2.199334612009482,-1.317412966034919,-0.18074256993863339,-1.976150908658826,1.0
0.9123715911300435,-0.04103863447027345,0.5213347066684055,0.705650583194654,-0.46352006332685314,-1.317412966034919,-0.18074256993863339,0.5060342282658362,0.0
0.9123715911300435,-0.8166548229820444,-0.5495658279681386,-0.48226415597031097,-0.5153119561354708,0.7590634264134715,-0.18074256993863339,0.5060342282658362,1.0
-1.4910517206893772,0.3820247410816016,-0.5495658279681386,-0.48226415597031097,-0.12378671464441826,0.7590634264134715,-0.18074256993863339,0.5060342282658362,1.0
-1.4910517206893772,-0.8166548229820444,0.5213347066684055,-0.48226415597031097,1.6497501743304726,0.7590634264134715,-0.18074256993863339,-1.976150908658826,0.0
0.9123715911300435,0.45253530367358075,0.5213347066684055,-0.48226415597031097,-0.3543008904091983,0.7590634264134715,-0.18074256993863339,0.5060342282658362,0.0
-0.28934006477966684,-0.32308088483819014,-0.5495658279681386,-0.48226415597031097,-0.40904465275613094,0.7590634264134715,-0.18074256993863339,0.5060342282658362,0.0
0.9123715911300435,-0.04103863447027345,-0.5495658279681386,-0.48226415597031097,-0.48454166806807525,0.7590634264134715,-0.18074256993863339,0.5060342282658362,0.0
0.9123715911300435,-1.4512498863098569,0.5213347066684055,0.705650583194654,-0.34678704067530564,0.7590634264134715,-0.18074256993863339,0.5060342282658362,1.0
-1.4910517206893772,0.5935564288575391,0.5213347066684055,-0.48226415597031097,0.8421895135164095,-1.317412966034919,-0.18074256993863339,-1.976150908658826,1.0
0.9123715911300435,-0.8166548229820444,-0.5495658279681386,-0.48226415597031097,-0.5099449206112616,0.7590634264134715,-0.18074256993863339,0.5060342282658362,0.0
-1.4910517206893772,0.8755986792254559,-0.5495658279681386,-0.48226415597031097,-0.12378671464441826,0.7590634264134715,-0.18074256993863339,0.5060342282658362,1.0
0.9123715911300435,0.5230458662655599,1.5922352413049496,-0.48226415597031097,-0.5179954738975753,0.7590634264134715,-0.18074256993863339,0.5060342282658362,0.0
0.9123715911300435,-0.04103863447027345,-0.5495658279681386,1.8935653223596192,-0.3608314992350559,-1.317412966034919,-0.18074256993863339,-1.976150908658826,1.0
0.9123715911300435,-0.7461442603900652,-0.5495658279681386,-0.48226415597031097,-0.5189787148056103,-1.317412966034919,5.532730890899277,-1.976150908658826,1.0
0.9123715911300435,-2.032962027693685,1.5922352413049496,0.705650583194654,-0.2746905790715002,-1.317412966034919,-0.18074256993863339,-1.976150908658826,1.0
-1.4910517206893772,0.45253530367358075,-0.5495658279681386,1.8935653223596192,0.8361075888603757,-1.317412966034919,-0.18074256993863339,0.5060342282658362,1.0
0.9123715911300435,-0.7461442603900652,-0.5495658279681386,-0.48226415597031097,-0.37684243961087643,0.7590634264134715,-0.18074256993863339,0.5060342282658362,0.0
-0.28934006477966684,1.4396831799612892,-0.5495658279681386,-0.48226415597031097,-0.46271500799822174,-1.317412966034919,-0.18074256993863339,0.5060342282658362,1.0
-0.28934006477966684,-0.04103863447027345,0.5213347066684055,-0.48226415597031097,-0.23729951598144036,0.7590634264134715,-0.18074256993863339,0.5060342282658362,0.0
0.9123715911300435,-0.8166548229820444,0.5213347066684055,0.705650583194654,-0.254205677882699,0.7590634264134715,-0.18074256993863339,0.5060342282658362,0.0
-1.4910517206893772,1.2986620547773309,0.5213347066684055,-0.48226415597031097,0.42821288902048565,0.7590634264134715,-0.18074256993863339,0.5060342282658362,1.0
0.9123715911300435,-0.8871653855740236,-0.5495658279681386,-0.48226415597031097,-0.5351699875750443,0.7590634264134715,-0.18074256993863339,0.5060342282658362,0.0
0.9123715911300435,-0.7461442603900652,-0.5495658279681386,-0.48226415597031097,-0.6881305000150031,0.7590634264134715,-0.18074256993863339,0.5060342282658362,0.0
0.9123715911300435,-1.098697073349961,-0.5495658279681386,-0.48226415597031097,-0.5195154183580313,-1.317412966034919,-0.18074256993863339,0.5060342282658362,0.0
0.9123715911300435,-0.39359144743016933,-0.5495658279681386,1.8935653223596192,-0.32961252699783655,-1.317412966034919,-0.18074256993863339,0.5060342282658362,1.0
-0.28934006477966684,1.2986620547773309,0.5213347066684055,1.8935653223596192,0.7072987362793578,-1.317412966034919,-0.18074256993863339,0.5060342282658362,1.0
-1.4910517206893772,2.0037676806971225,-0.5495658279681386,-0.48226415597031097,-0.05052667973896436,0.7590634264134715,-0.18074256993863339,-1.976150908658826,0.0
-1.4910517206893772,-0.39359144743016933,2.6631357759414938,1.8935653223596192,4.9579908714529495,-1.317412966034919,-0.18074256993863339,0.5060342282658362,1.0
-1.4910517206893772,0.7345775540414975,-0.5495658279681386,-0.48226415597031097,-0.022618095013077124,0.7590634264134715,-0.18074256993863339,-1.976150908658826,1.0
-0.28934006477966684,-0.11154919706225262,-0.5495658279681386,-0.48226415597031097,-0.46271500799822174,0.7590634264134715,-0.18074256993863339,0.5060342282658362,0.0
0.9123715911300435,-0.25257032224621095,-0.5495658279681386,-0.48226415597031097,-0.5188005292262067,0.7590634264134715,-0.18074256993863339,0.5060342282658362,0.0
0.9123715911300435,0.31151417848962243,0.5213347066684055,0.705650583194654,-0.3789892538205601,0.7590634264134715,-0.18074256993863339,0.5060342282658362,0.0
-1.4910517206893772,1.2281514921853518,0.5213347066684055,0.705650583194654,0.4401105333705524,-1.317412966034919,-0.18074256993863339,0.5060342282658362,1.0
0.9123715911300435,0.8050881166334767,-0.5495658279681386,5.457309539854515,0.16388638945318842,-1.317412966034919,-0.18074256993863339,0.5060342282658362,0.0
-1.4910517206893772,-0.8871653855740236,0.5213347066684055,-0.48226415597031097,1.6497501743304726,-1.317412966034919,-0.18074256993863339,-1.976150908658826,1.0
-0.28934006477966684,1.5807043051452476,-0.5495658279681386,-0.48226415597031097,-0.40904465275613094,0.7590634264134715,-0.18074256993863339,0.5060342282658362,0.0
-1.4910517206893772,-0.5346125726141276,-0.5495658279681386,-0.48226415597031097,2.565366434760542,-1.317412966034919,-0.18074256993863339,0.5060342282658362,1.0
-0.28934006477966684,1.0166198044094141,0.5213347066684055,-0.48226415597031097,-0.12995880549725874,0.7590634264134715,-0.18074256993863339,0.5060342282658362,0.0
-1.4910517206893772,0.3820247410816016,-0.5495658279681386,-0.48226415597031097,-0.11815132734399875,0.7590634264134715,-0.18074256993863339,-1.976150908658826,1.0
0.9123715911300435,-0.7461442603900652,-0.5495658279681386,-0.48226415597031097,-0.5186223436468028,0.7590634264134715,-0.18074256993863339,0.5060342282658362,0.0
-0.28934006477966684,-2.027321182686327,-0.5495658279681386,1.8935653223596192,-0.06555437920674977,0.7590634264134715,-0.18074256993863339,0.5060342282658362,1.0
0.9123715911300435,1.0166198044094141,-0.5495658279681386,-0.48226415597031097,-0.5153119561354708,0.7590634264134715,-0.18074256993863339,0.5060342282658362,0.0
-0.28934006477966684,1.0871303670013934,-0.5495658279681386,-0.48226415597031097,-0.3983105817077128,-1.317412966034919,-0.18074256993863339,0.5060342282658362,1.0
-0.28934006477966684,-0.39359144743016933,0.5213347066684055,-0.48226415597031097,-0.12995880549725874,-1.317412966034919,-0.18074256993863339,0.5060342282658362,1.0
0.9123715911300435,-1.5217604489018361,2.6631357759414938,0.705650583194654,-0.23568940532417765,-1.317412966034919,-0.18074256993863339,0.5060342282658362,0.0
0.9123715911300435,-0.11154919706225262,1.5922352413049496,-0.48226415597031097,-0.5179954738975753,0.7590634264134715,-0.18074256993863339,0.5060342282658362,0.0
-1.4910517206893772,0.6640669914495183,0.5213347066684055,0.705650583194654,1.692327940551128,-1.317412966034919,-0.18074256993863339,-1.976150908658826,1.0
0.9123715911300435,1.1223856482973829,-0.5495658279681386,-0.48226415597031097,-0.5330231733653606,0.7590634264134715,-0.18074256993863339,-1.976150908658826,0.0
-0.28934006477966684,0.45253530367358075,-0.5495658279681386,-0.48226415597031097,-0.40904465275613094,0.7590634264134715,-0.18074256993863339,0.5060342282658362,0.0
-0.28934006477966684,-0.7461442603900652,-0.5495658279681386,-0.48226415597031097,-0.46271500799822174,0.7590634264134715,-0.18074256993863339,0.5060342282658362,0.0
-1.4910517206893772,-0.32308088483819014,0.5213347066684055,-0.48226415597031097,1.2671707076511716,0.7590634264134715,-0.18074256993863339,-1.976150908658826,1.0
-1.4910517206893772,0.029471928121705727,-0.5495658279681386,-0.48226415597031097,1.319140786039193,-1.317412966034919,-0.18074256993863339,0.5060342282658362,1.0
0.9123715911300435,-0.6051231352061068,-0.5495658279681386,-0.48226415597031097,-0.5195154183580313,0.7590634264134715,-0.18074256993863339,0.5060342282658362,0.0
-1.4910517206893772,-0.11154919706225262,-0.5495658279681386,-0.48226415597031097,-0.11815132734399875,0.7590634264134715,-0.18074256993863339,0.5060342282658362,1.0
0.9123715911300435,-2.0153343870456903,4.8049368452145815,1.8935653223596192,0.31872536432662035,0.7590634264134715,-0.18074256993863339,0.5060342282658362,0.0
0.9123715911300435,-1.028186510757982,0.5213347066684055,-0.48226415597031097,-0.3778256805189115,-1.317412966034919,-0.18074256993863339,-1.976150908658826,1.0
0.9123715911300435,-0.8871653855740236,-0.5495658279681386,-0.48226415597031097,-0.5021627191011585,0.7590634264134715,-0.18074256993863339,0.5060342282658362,0.0
0.9123715911300435,-0.4641020100221485,-0.5495658279681386,-0.48226415597031097,-0.5195154183580313,0.7590634264134715,-0.18074256993863339,0.5060342282658362,0.0
0.9123715911300435,-0.39359144743016933,-0.5495658279681386,-0.48226415597031097,-0.5348114696020272,0.7590634264134715,-0.18074256993863339,0.5060342282658362,1.0
-1.4910517206893772,1.8627465555131644,-0.5495658279681386,-0.48226415597031097,-0.11815132734399875,0.7590634264134715,-0.18074256993863339,0.5060342282658362,0.0
0.9123715911300435,-0.675633697798086,0.5213347066684055,-0.48226415597031097,-0.47720600391358625,-1.317412966034919,-0.18074256993863339,0.5060342282658362,0.0
-0.28934006477966684,-0.32308088483819014,0.5213347066684055,0.705650583194654,-0.04408623710991345,-1.317412966034919,-0.18074256993863339,0.5060342282658362,1.0
-1.4910517206893772,0.24100361589764324,0.5213347066684055,-0.48226415597031097,1.244002288700266,-1.317412966034919,5.532730890899277,-1.976150908658826,1.0
0.9123715911300435,-0.32308088483819014,0.5213347066684055,-0.48226415597031097,-0.5212156952121008,0.7590634264134715,-0.18074256993863339,0.5060342282658362,1.0
0.9123715911300435,0.3820247410816016,-0.5495658279681386,-0.48226415597031097,-0.5351699875750443,0.7590634264134715,-0.18074256993863339,0.5060342282658362,0.0
-1.4910517206893772,-0.5346125726141276,0.5213347066684055,-0.48226415597031097,0.7416477636342959,-1.317412966034919,-0.18074256993863339,0.5060342282658362,1.0
0.9123715911300435,1.2986620547773309,-0.5495658279681386,-0.48226415597031097,-0.5195154183580313,0.7590634264134715,-0.18074256993863339,0.5060342282658362,0.0
-1.4910517206893772,-0.11154919706225262,-0.5495658279681386,-0.48226415597031097,0.07398854442268633,0.7590634264134715,-0.18074256993863339,0.5060342282658362,1.0
0.9123715911300435,-0.7461442603900652,-0.5495658279681386,-0.48226415597031097,-0.5186223436468028,0.7590634264134715,-0.18074256993863339,0.5060342282658362,0.0
0.9123715911300435,-0.25257032224621095,0.5213347066684055,1.8935653223596192,-0.2464234763725958,0.7590634264134715,-0.18074256993863339,0.5060342282658362,0.0
-0.28934006477966684,-0.4641020100221485,-0.5495658279681386,-0.48226415597031097,-0.3651251276544232,0.7590634264134715,-0.18074256993863339,-1.976150908658826,0.0
0.9123715911300435,1.0871303670013934,-0.5495658279681386,-0.48226415597031097,-0.5153119561354708,0.7590634264134715,-0.18074256993863339,0.5060342282658362,1.0
-0.28934006477966684,-1.5217604489018361,0.5213347066684055,0.705650583194654,0.10082372204373173,0.7590634264134715,-0.18074256993863339,0.5060342282658362,1.0
0.9123715911300435,-0.675633697798086,-0.5495658279681386,-0.48226415597031097,-0.536780098232307,0.7590634264134715,-0.18074256993863339,0.5060342282658362,0.0
